,k__Bacteria;p__Actinobacteria;c__Actinobacteria;o__Actinomycetales,k__Bacteria;p__Actinobacteria;c__Actinobacteria;o__Bifidobacteriales,k__Bacteria;p__Actinobacteria;c__Actinobacteria;o__Corynebacteriales,k__Bacteria;p__Actinobacteria;c__Actinobacteria;o__Micrococcales,k__Bacteria;p__Actinobacteria;c__Actinobacteria;o__Propionibacteriales,k__Bacteria;p__Actinobacteria;c__Actinobacteria;o__Streptomycetales,k__Bacteria;p__Actinobacteria;c__Coriobacteriia;o__Coriobacteriales,k__Bacteria;p__Actinobacteria;c__Coriobacteriia;o__Eggerthellales,k__Bacteria;p__Bacteroidetes;c__Bacteroidia;o__Bacteroidales,k__Bacteria;p__Bacteroidetes;c__Flavobacteriia;o__Flavobacteriales,k__Bacteria;p__Chlamydiae;c__Chlamydiia;o__Chlamydiales,k__Bacteria;p__Firmicutes;c__Bacilli;o__Bacillales,k__Bacteria;p__Firmicutes;c__Bacilli;o__Lactobacillales,k__Bacteria;p__Firmicutes;c__Clostridia;o__Clostridiales,k__Bacteria;p__Firmicutes;c__Erysipelotrichia;o__Erysipelotrichales,k__Bacteria;p__Firmicutes;c__Negativicutes;o__Acidaminococcales,k__Bacteria;p__Firmicutes;c__Negativicutes;o__Selenomonadales,k__Bacteria;p__Firmicutes;c__Negativicutes;o__Veillonellales,k__Bacteria;p__Firmicutes;c__Tissierellia;o__Tissierellales,k__Bacteria;p__Fusobacteria;c__Fusobacteriia;o__Fusobacteriales,k__Bacteria;p__Lentisphaerae;c__Lentisphaeria;o__Victivallales,k__Bacteria;p__Proteobacteria;c__Alphaproteobacteria;o__Rhizobiales,k__Bacteria;p__Proteobacteria;c__Betaproteobacteria;o__Burkholderiales,k__Bacteria;p__Proteobacteria;c__Betaproteobacteria;o__Neisseriales,k__Bacteria;p__Proteobacteria;c__Deltaproteobacteria;o__Desulfovibrionales,k__Bacteria;p__Proteobacteria;c__Epsilonproteobacteria;o__Campylobacterales,k__Bacteria;p__Proteobacteria;c__Gammaproteobacteria;o__Aeromonadales,k__Bacteria;p__Proteobacteria;c__Gammaproteobacteria;o__Alteromonadales,k__Bacteria;p__Proteobacteria;c__Gammaproteobacteria;o__Enterobacterales,k__Bacteria;p__Proteobacteria;c__Gammaproteobacteria;o__Oceanospirillales,k__Bacteria;p__Proteobacteria;c__Gammaproteobacteria;o__Pasteurellales,k__Bacteria;p__Proteobacteria;c__Gammaproteobacteria;o__Pseudomonadales,k__Bacteria;p__Proteobacteria;c__Gammaproteobacteria;o__Vibrionales,k__Bacteria;p__Spirochaetes;c__Spirochaetia;o__Brachyspirales,k__Bacteria;p__Spirochaetes;c__Spirochaetia;o__Spirochaetales,k__Bacteria;p__Synergistetes;c__Synergistia;o__Synergistales,k__Bacteria;p__Tenericutes;c__Mollicutes;o__Mycoplasmatales,k__Bacteria;p__Verrucomicrobia;c__Verrucomicrobiae;o__Verrucomicrobiales
0,1.197138825196289,7.458283468042391,0.5910030216259727,2.095080418402248,-0.1021441589339726,0.185537913517809,6.414048917108992,5.092662831244399,10.109281421953725,-1.2007564476020818,0.5910030216259727,0.8786850940777526,3.9350419894481794,10.338528532587004,5.710990852649592,0.185537913517809,-0.1021441589339726,2.2004409340600724,1.689615310294082,0.185537913517809,-1.2007564476020818,-1.2007564476020818,3.674440875599069,-1.2007564476020818,5.483855280065844,-0.1021441589339726,-1.2007564476020818,0.7451537014532317,2.018119377266117,-0.5076092670421364,1.284150202185918,-0.5076092670421364,1.8902860057562345,-1.2007564476020818,-0.5076092670421364,-1.2007564476020818,-1.2007564476020818,4.169881580525581
1,1.9859353681599536,7.652233892222227,0.636008651210938,0.9926835951496696,-0.6167543172844301,-0.6167543172844301,6.66014780713176,5.770125002078215,10.746400030226184,-1.3099014978443757,0.2995364145897241,0.0763928632755153,4.179036228312311,10.551855229666424,6.240233844644053,0.481857971383679,-1.3099014978443757,2.4277681204389925,2.679082548719899,1.0879937749539952,-1.3099014978443757,-1.3099014978443757,4.416946249742821,-1.3099014978443757,6.334060451158154,0.636008651210938,-1.3099014978443757,-0.6167543172844301,2.9242050067528838,-0.6167543172844301,0.9926835951496696,-0.2112892091762663,1.462687224395406,-0.6167543172844301,0.0763928632755153,-1.3099014978443757,-1.3099014978443757,6.498421552546681
2,2.311399364802913,7.720191804905099,0.8591470358912243,2.1748238297971607,-0.4401359482390372,0.6584763404290737,6.962518803958832,6.146035706615638,11.066885455344096,-1.5387482369071463,0.4071619121481671,1.5522942164511695,4.382830182736669,10.742260252282264,6.565955231463962,1.294465107149069,-1.5387482369071463,2.431543676644976,3.754556587817346,0.7638368560868987,-1.5387482369071463,-0.4401359482390372,4.903791929561052,0.4071619121481671,6.790427205170255,0.5406933047726898,-1.5387482369071463,0.5406933047726898,3.44485838480119,-0.1524538757872555,1.1003090927081125,-1.5387482369071463,1.895238967577999,-1.5387482369071463,0.4071619121481671,-1.5387482369071463,-1.5387482369071463,7.729483613484813
3,2.2102986219027567,7.942830509844944,-0.5622901003370249,1.309512076564566,-0.1568249922288611,-0.1568249922288611,7.330535425914093,6.336928847622826,10.242963205456697,-1.2554372808969705,-1.2554372808969705,-0.5622901003370249,4.309083126425723,10.79313324165576,6.440320709657791,0.3540006315371293,-1.2554372808969705,3.088368140956714,1.8800569350321796,1.1424579919014004,-1.2554372808969705,-1.2554372808969705,3.964918544181355,-0.1568249922288611,6.554915402827319,0.1308570802229205,-1.2554372808969705,-0.5622901003370249,1.922616549450975,-1.2554372808969705,2.887697445494563,-1.2554372808969705,0.3540006315371293,-1.2554372808969705,-0.1568249922288611,-1.2554372808969705,-1.2554372808969705,6.5360855382537615
4,1.042514727688518,7.801479933085494,-1.0369268139913164,1.52802254347022,-1.0369268139913164,-1.0369268139913164,6.160508540105274,5.20139781104819,10.091394433538076,-1.0369268139913164,-1.0369268139913164,0.3493675471285744,4.554060166519539,10.748069499916474,5.652672455187649,0.9089833350639952,0.3493675471285744,2.6766452527129907,0.5725110984427833,0.0616854746767927,-1.0369268139913164,-1.0369268139913164,3.5169500776092235,-1.0369268139913164,5.11154148192633,0.0616854746767927,-1.0369268139913164,-1.0369268139913164,1.160297763344902,-1.0369268139913164,3.239739305024738,-0.3437796334313709,-1.0369268139913164,-1.0369268139913164,0.5725110984427833,-1.0369268139913164,-1.0369268139913164,3.345099820682565
5,1.7379834353369397,8.261854836612937,0.7394546052258129,1.501594657272708,-0.1078432551613914,-0.5133083632695552,6.60349154264729,5.789310612475349,10.3198105380778,-0.5133083632695552,-1.2064555438295006,0.402982368604599,4.200716227630617,10.737862651258808,6.125259425896965,0.1798388172903902,-1.2064555438295006,2.194741837832653,2.0124202810387004,0.5853039253985539,-1.2064555438295006,-1.2064555438295006,3.4282734444001344,-0.5133083632695552,5.168569275998595,-0.1078432551613914,-0.5133083632695552,-0.1078432551613914,1.9715982865184447,-0.5133083632695552,1.9715982865184447,-0.1078432551613914,1.0961295491645444,-1.2064555438295006,0.7394546052258129,-1.2064555438295006,-1.2064555438295006,3.713525381998624
6,1.7987510962437128,8.687177921206036,-1.2457713414797098,1.23913530830829,-0.5526241609197644,-0.1471590528116007,6.565392043545568,5.851777509135083,10.359496266664948,-0.1471590528116007,-1.2457713414797098,-1.2457713414797098,4.44458811284435,10.798246972492702,6.258620217681528,0.5459881277483447,-0.5526241609197644,2.365146571164514,3.5745102241253264,1.0568137515143352,-1.2457713414797098,-1.2457713414797098,3.659503436958719,-1.2457713414797098,5.829191856486333,0.3636665709543898,-1.2457713414797098,0.140523019640181,3.328939637023673,-1.2457713414797098,2.724520572072411,-1.2457713414797098,1.0568137515143352,-1.2457713414797098,0.5459881277483447,-1.2457713414797098,-1.2457713414797098,6.211837948235896
7,1.1679900467396465,8.237013473317905,-1.1345950462543986,-0.4414478656944531,-0.4414478656944531,-1.1345950462543986,6.434300617152597,5.63619437765458,10.583945235479076,-0.4414478656944531,-1.1345950462543986,-0.4414478656944531,4.802941158828027,11.196143559831564,6.398028572534389,0.8113151028009149,-1.1345950462543986,3.450372432416172,0.944846495425436,0.657164422973656,-1.1345950462543986,-1.1345950462543986,4.426086584761128,-1.1345950462543986,5.836135031889127,0.2516993148654922,-1.1345950462543986,-1.1345950462543986,0.944846495425436,-1.1345950462543986,3.5001339419752373,-0.0359827575862894,-0.4414478656944531,-1.1345950462543986,-0.0359827575862894,-0.4414478656944531,-1.1345950462543986,5.087981221816969
8,1.0728407326553029,8.309420027420398,-0.0257715560128062,1.1782012483131297,0.2619105164389754,-1.1243838446809151,5.959004002944379,5.507617932714714,10.29921848232911,-1.1243838446809151,-1.1243838446809151,-0.4312366641209699,4.208334948584453,10.915687343797387,6.0113035023472285,0.4850540677531842,-1.1243838446809151,3.594115026614179,1.3605228051070846,0.2619105164389754,-1.1243838446809151,-1.1243838446809151,3.179681248523254,-1.1243838446809151,5.378406201234708,-0.4312366641209699,-1.1243838446809151,-1.1243838446809151,1.440565512780621,-1.1243838446809151,4.07962284239588,-1.1243838446809151,0.2619105164389754,-1.1243838446809151,0.2619105164389754,-1.1243838446809151,-1.1243838446809151,4.326654608884785
9,2.012357468332496,9.116330360689586,-1.1656963620154492,1.4733609675998096,-1.1656963620154492,-0.4725491814555038,7.066743796454887,5.7043570497826765,10.417006999562195,-1.1656963620154492,-1.1656963620154492,0.2205979991044415,4.818239918671741,11.131427406398666,6.267378986883131,-0.0670840733473401,-1.1656963620154492,3.724652766206305,2.3000395407842777,0.4437415504186504,-1.1656963620154492,-1.1656963620154492,3.570502086379045,-1.1656963620154492,5.398159164516678,-0.0670840733473401,-1.1656963620154492,-0.4725491814555038,1.9253460913428668,-1.1656963620154492,3.4394738239726426,-1.1656963620154492,0.2205979991044415,-1.1656963620154492,0.4437415504186504,-0.4725491814555038,-1.1656963620154492,2.8947466485309707
10,1.589432365835913,8.959885238096888,0.835660563459534,0.953443599115916,-0.5506337976603568,-1.2437809782203022,6.840473128087015,5.7316329492356495,10.576099634545292,-0.5506337976603568,-1.2437809782203022,-0.1451686895521931,5.108848418099264,11.247729974401802,6.416333340953626,0.3656569342137974,-1.2437809782203022,4.588101499063214,2.339737960235807,1.0588041147737428,-1.2437809782203022,-1.2437809782203022,3.4006099209210703,-1.2437809782203022,4.833861265128732,1.1541142945780685,-1.2437809782203022,-1.2437809782203022,2.052055887784027,-1.2437809782203022,3.938002572071783,-0.1451686895521931,-0.1451686895521931,-1.2437809782203022,0.1425133828995886,-1.2437809782203022,-1.2437809782203022,3.954716053045523
11,2.168668413683582,9.387155377690345,-1.0894281243378998,1.6186220767643107,-0.3962809437779544,-1.0894281243378998,7.448743473463529,5.34351196840128,10.101982679644095,-1.0894281243378998,-1.0894281243378998,-0.3962809437779544,5.302488989054703,10.882825438630643,6.06362351059958,0.5200097880961998,-1.0894281243378998,4.130927700740425,1.1077964529983184,0.7023313448901547,-1.0894281243378998,-1.0894281243378998,2.8225948810902466,-1.0894281243378998,5.017594763404354,0.296866236781991,-1.0894281243378998,-1.0894281243378998,0.7023313448901547,-1.0894281243378998,4.49782053406235,-0.3962809437779544,-1.0894281243378998,-1.0894281243378998,0.0091841643302092,-1.0894281243378998,-1.0894281243378998,2.129447700530301
12,1.2158202898236254,7.490163725877368,-0.9814042875125928,0.1172080011555163,-0.9814042875125928,-0.9814042875125928,4.879381935953273,4.853406449550012,10.520510784937583,-0.9814042875125928,-0.9814042875125928,-0.9814042875125928,3.960238135096711,10.30429430070579,5.798517619959658,0.6280336249215068,-0.9814042875125928,3.572472604087947,1.5035023622754071,0.1172080011555163,-0.9814042875125928,-0.9814042875125928,2.4197930941495613,-0.9814042875125928,5.415525367703553,-0.2882571069526474,-0.9814042875125928,-0.9814042875125928,2.4843316152871324,-0.9814042875125928,2.779795828180969,-0.9814042875125928,-0.9814042875125928,-0.9814042875125928,0.6280336249215068,-0.9814042875125928,-0.9814042875125928,5.324870999435422
13,1.963546831931593,7.797661141638242,-0.3878284252318842,0.0176366828762795,-1.0809756057918296,-1.0809756057918296,5.250526244101861,5.111386883683042,10.90947512982298,-1.0809756057918296,-1.0809756057918296,-1.0809756057918296,4.227292091609375,10.465200865962297,6.166816975976016,0.3053187553280612,-1.0809756057918296,3.153130898805429,1.316919667006541,-0.3878284252318842,-1.0809756057918296,-1.0809756057918296,3.077907477567841,-0.3878284252318842,6.114961620683739,-0.3878284252318842,-1.0809756057918296,-1.0809756057918296,3.7632114806667616,-1.0809756057918296,2.5299423068523943,-1.0809756057918296,-0.3878284252318842,-1.0809756057918296,0.7107838634362249,-1.0809756057918296,-1.0809756057918296,6.44034237440741
14,2.128489030398171,7.69477622263275,-1.1296075076233123,1.1729775853707345,-1.1296075076233123,-1.1296075076233123,6.332032884585263,5.559991761555655,9.818388074587723,-1.1296075076233123,-1.1296075076233123,1.3552991421646894,6.228586245109721,10.749265774993765,6.800238922119192,0.4798304048107891,-1.1296075076233123,4.818427481557334,0.662151961604744,-1.1296075076233123,-1.1296075076233123,-1.1296075076233123,1.814831471543128,-1.1296075076233123,4.55397225971537,0.662151961604744,-1.1296075076233123,-1.1296075076233123,2.271589874038844,-1.1296075076233123,4.739689405510463,0.662151961604744,-1.1296075076233123,-1.1296075076233123,-1.1296075076233123,-1.1296075076233123,-1.1296075076233123,5.380650832899838
15,1.8237253243952785,7.845018324548651,-0.37349925294094,1.498302923960651,-1.0666464335008854,-1.0666464335008854,6.486115650713262,4.47461711165754,10.627057732005785,-1.0666464335008854,-1.0666464335008854,0.5427914789332142,4.997138775186722,10.443816000697858,6.015062152604689,0.5427914789332142,-1.0666464335008854,3.7373746112323705,0.5427914789332142,-1.0666464335008854,-1.0666464335008854,-1.0666464335008854,2.922337613063389,-0.37349925294094,5.5939287163388,-0.37349925294094,-1.0666464335008854,-1.0666464335008854,3.96379148789155,-1.0666464335008854,3.315380201172996,-1.0666464335008854,-0.37349925294094,-1.0666464335008854,-0.37349925294094,-1.0666464335008854,-1.0666464335008854,3.96379148789155
16,1.838557652008733,8.699520769484112,-0.1073524970465804,1.684406972181474,-0.1073524970465804,-1.2059647857146896,6.357235806643381,5.036258479740475,10.479602201996189,-0.5128176051547442,-1.2059647857146896,-0.5128176051547442,5.330726811876615,10.967744779258393,6.309924299500436,0.8734767559651466,-0.5128176051547442,4.755040553908584,2.29054277575179,0.40347312671941,-1.2059647857146896,-1.2059647857146896,3.494515580077726,-0.5128176051547442,5.329276485298969,0.9912597916215304,-1.2059647857146896,-1.2059647857146896,1.92952943021446,-1.2059647857146896,3.763848513861311,-1.2059647857146896,-0.5128176051547442,-1.2059647857146896,0.8734767559651466,-1.2059647857146896,-1.2059647857146896,4.362379718046407
17,1.6402685871677534,8.907095934688343,-0.0337078464039191,1.432629222389508,-1.1323201350720282,-1.1323201350720282,6.044698630837871,4.675822354908416,10.440222385466669,-1.1323201350720282,-1.1323201350720282,-1.1323201350720282,5.411591710492764,11.174877569218388,6.103299005994721,1.06490444226419,-1.1323201350720282,4.5912649668803525,0.8135900139832852,-0.0337078464039191,-1.1323201350720282,-1.1323201350720282,3.727492269289644,-1.1323201350720282,5.049764771644603,1.2655751377263424,-1.1323201350720282,-1.1323201350720282,2.3940403895441325,-1.1323201350720282,3.9428536801617984,-1.1323201350720282,-0.4391729545120828,-1.1323201350720282,0.8135900139832852,-1.1323201350720282,-1.1323201350720282,3.211485286781656
18,1.4856732701260675,9.234650847733514,0.5693825382519133,1.722062048190299,0.1639174301437478,-0.123764642308032,6.509115098269542,5.012033794742229,10.165857946035048,-0.123764642308032,0.3870609814579584,0.7235332180791705,4.110341862289228,10.48788184840848,5.783412088277361,0.1639174301437478,-1.2223769309761412,3.754356811444432,2.4152092287502445,-0.5292297504161958,-1.2223769309761412,0.3870609814579584,3.2994116460728984,-1.2223769309761412,5.235961352368648,1.416680398639116,-1.2223769309761412,0.1639174301437478,2.820674336858408,-0.123764642308032,1.868665522382173,-0.5292297504161958,1.2625297188118587,-1.2223769309761412,0.1639174301437478,-1.2223769309761412,-1.2223769309761412,-1.2223769309761412
19,0.7023652248981982,7.640067580248288,-0.9070726875359014,0.7023652248981982,-0.213925506975956,-0.9070726875359014,5.415492552391383,4.136352429383345,9.682210086014546,-0.213925506975956,-0.9070726875359014,-0.9070726875359014,4.129879914877727,9.78141169919005,5.303527389488751,-0.9070726875359014,-0.9070726875359014,3.06321922601622,1.6578766699256349,-0.213925506975956,-0.9070726875359014,-0.9070726875359014,2.5586632152638247,-0.9070726875359014,4.668876415610415,-0.213925506975956,-0.9070726875359014,-0.9070726875359014,3.341422554513457,-0.9070726875359014,2.270981142812044,-0.9070726875359014,0.4792216735839893,-0.9070726875359014,-0.213925506975956,-0.9070726875359014,-0.9070726875359014,2.7038452251083225
20,1.2003620866067557,8.050605948274077,0.6125754217046371,0.3894318703904265,-0.9968624907294644,-0.9968624907294644,5.812176815313515,4.666097989406482,10.137478327537814,-0.9968624907294644,-0.9968624907294644,-0.9968624907294644,4.544401054428962,10.823606495788102,5.914884809522211,0.1017497979386465,-0.9968624907294644,3.5029471796008016,0.3894318703904265,0.6125754217046371,-0.9968624907294644,-0.9968624907294644,2.8317789057596308,-0.9968624907294644,4.127101488673795,0.6125754217046371,-0.9968624907294644,-0.9968624907294644,0.1017497979386465,-0.9968624907294644,2.33534201944574,0.3894318703904265,-0.9968624907294644,-0.9968624907294644,-0.3037153101695189,-0.9968624907294644,-0.9968624907294644,2.915160514698682
21,1.324336986756146,8.213215209968594,0.4080462548819898,-0.2851009256779555,-0.9782481062379008,-0.9782481062379008,6.188017867895738,5.135434073594331,9.852113971712027,-0.9782481062379008,-0.9782481062379008,-0.9782481062379008,3.4760991900156077,10.048186559981133,5.589829805174076,0.1203641824302099,-0.9782481062379008,2.487487796561826,-0.2851009256779555,0.6311898061962005,-0.9782481062379008,-0.9782481062379008,2.60527083221821,-0.9782481062379008,5.22630965633079,0.8135113629901554,-0.9782481062379008,-0.9782481062379008,3.2558583983593588,-0.2851009256779555,0.1203641824302099,-0.2851009256779555,-0.2851009256779555,-0.9782481062379008,-0.2851009256779555,-0.9782481062379008,-0.9782481062379008,5.537944969805064
22,1.7060136290150236,8.335376882452472,-0.0857458402130308,0.6074013403469145,-0.0857458402130308,-1.1843581288811418,6.562806837639194,5.541875273477606,10.478847678671578,-0.4912109483211964,-1.1843581288811418,-1.1843581288811418,4.118946779177935,10.351902930786052,6.042577889612148,0.201936232238749,-1.1843581288811418,2.893179315024579,2.707462169229485,0.4250797835529596,-1.1843581288811418,-1.1843581288811418,3.005296613145285,-1.1843581288811418,5.802208330525286,0.7615520201741717,-1.1843581288811418,-1.1843581288811418,3.635923436723896,-1.1843581288811418,1.3805912285803963,-0.0857458402130308,0.201936232238749,-1.1843581288811418,0.201936232238749,-1.1843581288811418,-1.1843581288811418,7.247277174173449
23,1.1762335735826372,7.331091667599056,-0.3278438231936373,0.0776212849145281,0.0776212849145281,-1.0209910037535828,5.963725316364684,5.283457798668399,10.025779416659091,-1.0209910037535828,-1.0209910037535828,-1.0209910037535828,4.47617722153962,10.454585595064156,6.141406493602136,0.5884469086805186,-1.0209910037535828,3.309742336532749,1.543958353707955,0.7707684654744735,-1.0209910037535828,-1.0209910037535828,2.6425706423760644,-1.0209910037535828,5.38423745427726,-0.3278438231936373,-1.0209910037535828,-1.0209910037535828,1.0584505379262534,-1.0209910037535828,1.9234479754128595,0.0776212849145281,-1.0209910037535828,-1.0209910037535828,0.0776212849145281,-1.0209910037535828,-1.0209910037535828,5.415159364615846
24,1.9373045988775013,8.209066060621836,-0.0551255658127054,1.0434867228554054,-0.4605906739208691,-1.1537378544808146,6.3339959069556295,5.648656908843496,10.319052879749297,-1.1537378544808146,-1.1537378544808146,-0.4605906739208691,5.778710037091694,10.914198526543576,6.452152146572307,1.244157418317556,-1.1537378544808146,3.4809911337488213,0.7921722945744989,0.63802161474724,-1.1537378544808146,-1.1537378544808146,3.650283190252442,-1.1537378544808146,5.947938117138629,1.1488472385132305,-1.1537378544808146,-1.1537378544808146,1.7366339034153508,-1.1537378544808146,0.63802161474724,-1.1537378544808146,-1.1537378544808146,-1.1537378544808146,0.63802161474724,-1.1537378544808146,-1.1537378544808146,6.510139404222656
25,2.0249437789423244,7.86227658543764,0.3201956867038991,1.70649004782379,-0.3729514938560445,-1.06609867441599,5.92691644851697,5.494931991480582,9.883004668385896,-1.06609867441599,-1.06609867441599,-1.06609867441599,4.868795521203597,10.302529077104408,5.8818383941989785,0.3201956867038991,-1.06609867441599,2.762542722073105,0.7256607948120646,0.0325136142521191,-1.06609867441599,-1.06609867441599,3.3647181244273225,-1.06609867441599,5.469142596597668,0.3201956867038991,-1.06609867441599,-1.06609867441599,2.885145044165437,-1.06609867441599,0.0325136142521191,0.5433392380181097,-0.3729514938560445,-1.06609867441599,-0.3729514938560445,-1.06609867441599,-1.06609867441599,6.364608408129977
26,2.09427881440244,8.499935708342765,1.2833485981861124,0.9956665257343308,0.590201417626167,-1.201558051601889,6.365787624411351,6.068058698006281,10.106002383405771,-1.201558051601889,-1.201558051601889,-0.5084108710419439,4.274905500329622,10.330709150157078,6.514902748574466,1.1963372211964811,-0.5084108710419439,2.8237936391332603,2.5596420640916744,0.1847363095180014,-1.201558051601889,-1.201558051601889,3.3935617985327013,-1.201558051601889,5.763522293999518,0.1847363095180014,-1.201558051601889,-0.5084108710419439,4.14554947911558,-1.201558051601889,-1.201558051601889,-0.1029457629337784,-0.5084108710419439,-0.5084108710419439,-0.5084108710419439,-1.201558051601889,-1.201558051601889,6.74859183605013
27,1.2922478472065109,7.539587115705261,0.5037904868422398,0.280646935528031,-0.4125002450319144,-0.4125002450319144,5.395642244948529,5.112952694099869,10.273049260779622,-0.4125002450319144,-1.1056474255918598,-0.4125002450319144,4.763649487541914,10.629421090358994,6.138580090011489,0.5037904868422398,-1.1056474255918598,3.714634140013176,0.6861120436361947,-0.0070351369237506,-1.1056474255918598,-1.1056474255918598,3.7385396608667305,-1.1056474255918598,5.416445372578292,0.8402627234634537,-1.1056474255918598,-1.1056474255918598,2.98869713663024,-1.1056474255918598,-0.4125002450319144,-0.0070351369237506,-0.4125002450319144,-1.1056474255918598,-0.0070351369237506,-1.1056474255918598,-1.1056474255918598,6.671306977730581
28,1.433644471310803,7.549536596793838,0.4040250541296455,1.6278004857517612,-1.205412858304454,-1.205412858304454,6.355708731225783,5.719199537744105,11.042564395508158,-0.5122656777445087,-1.205412858304454,-0.5122656777445087,5.56766751735108,11.073319926060142,6.866118035252205,0.4040250541296455,-1.205412858304454,3.271923956173751,1.5026373427977546,0.7404972907508593,-1.205412858304454,-1.205412858304454,3.965071136733697,-1.205412858304454,5.884663977471637,1.9726409720434912,-1.205412858304454,-1.205412858304454,0.7404972907508593,-1.205412858304454,0.1808815028154349,-0.1068005696363449,-0.5122656777445087,-0.5122656777445087,1.097172234689591,-1.205412858304454,-1.205412858304454,7.089886001198005
29,2.31419830079166,7.98052321291296,0.9850623535117168,1.185733048973869,-1.2121622238245011,-1.2121622238245011,6.66181615578,5.925910810219845,10.582930132909397,-0.5190150432645559,-1.2121622238245011,-0.5190150432645559,4.371334084957197,10.386803313238111,6.531541034349251,1.0904228691695437,-1.2121622238245011,2.253573678975224,1.6782095340716623,0.5795972454035532,-1.2121622238245011,-1.2121622238245011,3.72231170930619,-1.2121622238245011,6.195155486644915,1.185733048973869,-1.2121622238245011,-1.2121622238245011,4.521179053073244,-1.2121622238245011,-0.1135499351563922,-1.2121622238245011,-1.2121622238245011,-1.2121622238245011,0.7337479252308121,-1.2121622238245011,-1.2121622238245011,7.56184137637643
30,1.5841043817882792,7.604270710659697,-0.150496673599827,1.3158403951936002,-0.5559617817079907,-1.249108962267936,6.210229932952359,5.12591585756016,10.410718114264986,-1.249108962267936,-1.249108962267936,-0.150496673599827,5.191837578364984,10.865440324392432,6.624488827417603,0.3603289501661635,-0.5559617817079907,4.097998568449532,1.84193349109038,0.3603289501661635,-1.249108962267936,-1.249108962267936,3.442238919961208,-1.249108962267936,5.221690541514666,1.3158403951936002,-1.249108962267936,-1.249108962267936,3.054956130936233,-1.249108962267936,1.3899483673473227,2.3884771974584496,-0.5559617817079907,-1.249108962267936,0.8303325794119001,-1.249108962267936,-1.249108962267936,7.1411595355746345
31,2.136708752712348,7.914660641567082,1.3417788778424615,1.4107717493294132,-0.6041312712128519,-1.297278451772797,6.288510369959237,5.534675113793058,10.644125275614597,-1.297278451772797,-1.297278451772797,-0.1986661631046882,4.919327649312067,10.890090362563592,6.610373142938292,1.1006168210255731,-1.297278451772797,4.1875184817178575,1.880775378575148,0.0890159093470934,-1.297278451772797,-1.297278451772797,3.6725348478032034,-0.6041312712128519,5.553906475720946,1.593093306123368,-1.297278451772797,-0.1986661631046882,3.607996326665632,-1.297278451772797,1.4753102704669845,1.3417788778424615,-0.6041312712128519,-1.297278451772797,-0.1986661631046882,-1.297278451772797,-1.297278451772797,7.621773352157493
32,1.8773980976983464,7.627586945168703,0.267960185264247,0.4911037365784558,-0.4251869952956983,-0.4251869952956983,6.202192786417095,5.281923269453177,10.061297994299387,-1.1183341758556438,-1.1183341758556438,-0.4251869952956983,4.745296999742453,10.448956360759874,6.407844737490501,0.6734252933724107,-1.1183341758556438,3.336013120397864,0.4911037365784558,0.267960185264247,-1.1183341758556438,-1.1183341758556438,3.008800209189447,-1.1183341758556438,5.52675679365,1.366572473932356,-1.1183341758556438,-1.1183341758556438,2.3156530286295016,-1.1183341758556438,0.267960185264247,-1.1183341758556438,-1.1183341758556438,-1.1183341758556438,-0.4251869952956983,-0.4251869952956983,-1.1183341758556438,6.99808289693856
33,1.4792160819746254,7.197760850675601,0.8601768735684026,0.9937082661929252,0.0128790131811982,-1.085733275486911,6.251203638220707,4.932859939009324,10.495700943804462,-1.085733275486911,-1.085733275486911,-0.3925860949269655,5.359986543898668,10.683267489032502,6.4452830565910055,-1.085733275486911,-1.085733275486911,4.217571632572165,1.111491301849309,0.7060261937411436,-1.085733275486911,-1.085733275486911,3.457561506783093,-1.085733275486911,4.830468787120524,1.7474800685693062,-1.085733275486911,-1.085733275486911,0.3005610856329799,-1.085733275486911,0.8601768735684026,-1.085733275486911,-1.085733275486911,-1.085733275486911,0.3005610856329799,-1.085733275486911,-1.085733275486911,6.529565064338904
34,2.578765727161615,8.204586660348104,1.3150736881340563,1.052709423666565,-0.5567284887675346,-1.24987566932748,7.237682716959066,6.041780539846981,10.351042357779423,-1.24987566932748,-1.24987566932748,-0.1512633806593708,5.877015139571327,11.373116234355972,7.398696600145136,0.5418837999005746,-0.5567284887675346,4.097231861389988,1.583337674728735,0.9473489080087384,-1.24987566932748,-1.24987566932748,2.6213253415804108,-1.24987566932748,4.21395613569813,2.0823288408477225,-1.24987566932748,-1.24987566932748,0.6960344797278335,-1.24987566932748,1.6945633098389603,-1.24987566932748,-1.24987566932748,-0.5567284887675346,0.6960344797278335,-1.24987566932748,-0.5567284887675346,6.91974389239637
35,2.223979427555504,6.631079699781502,1.2431501745437783,1.1561387975541493,-0.548609294684276,-1.2417564752442214,6.528888758884955,5.844144989121389,10.838055425187036,-1.2417564752442214,-1.2417564752442214,-1.2417564752442214,4.8150275379844025,10.606798013800564,7.244152426132249,0.5500029939838331,-0.548609294684276,2.4718155914600857,2.5424331586740383,1.1561387975541493,-1.2417564752442214,-1.2417564752442214,3.0487029659041696,-0.548609294684276,5.925281401667998,0.5500029939838331,-1.2417564752442214,-0.548609294684276,4.066511222156983,-1.2417564752442214,-1.2417564752442214,-0.1431441865761122,0.1445378858756694,-1.2417564752442214,0.1445378858756694,-1.2417564752442214,-1.2417564752442214,8.242952740121616
36,2.029572752842286,3.923114916380284,1.182274892455082,1.2623176001286185,-0.2040194686648089,-0.6094845767729726,5.100942440601897,5.05694211133946,10.339170534558196,-0.2040194686648089,-1.302631757332918,0.4891277118951365,4.397811816057769,10.02426528891203,6.853017513033083,0.7768097843469182,-1.302631757332918,2.252716304156495,5.36177726301749,1.0952635154654526,-1.302631757332918,-0.2040194686648089,2.722719933402232,-0.6094845767729726,5.981503048862287,0.7768097843469182,-1.302631757332918,-0.6094845767729726,5.762981606264799,-0.2040194686648089,-0.6094845767729726,0.3068061551011833,0.7768097843469182,-1.302631757332918,0.4891277118951365,-1.302631757332918,-1.302631757332918,7.899878035528076
37,1.699870753369506,6.341252321320169,1.0067235728095607,0.719041500357779,-1.0727179688702757,-1.0727179688702757,5.971314928404409,5.3682285717626455,10.192310080319514,-1.0727179688702757,-1.0727179688702757,-1.0727179688702757,4.926218593076407,10.471967756847688,7.0316833390513365,1.3251773039280952,-1.0727179688702757,2.777429632839784,0.873192180185038,-1.0727179688702757,-1.0727179688702757,-1.0727179688702757,3.038155895303035,-1.0727179688702757,5.861679241058282,0.5367199435638241,-1.0727179688702757,-1.0727179688702757,2.453642555745885,-1.0727179688702757,0.0258943197978336,0.5367199435638241,-1.0727179688702757,-1.0727179688702757,0.5367199435638241,-1.0727179688702757,-1.0727179688702757,6.737229117606515
38,2.3903811042505136,7.385338585627539,1.4588229002455702,0.9733150844638684,-1.106126457215966,-1.106126457215966,6.579117150759866,6.066298119908878,9.927003595086047,-1.106126457215966,-1.106126457215966,-1.106126457215966,4.692966197244559,10.329021233182162,6.710290526475834,-0.007514168547857,-1.106126457215966,2.295070924446188,-0.4129792766560225,0.6856330120120884,-1.106126457215966,-1.106126457215966,3.3246903416273463,-0.4129792766560225,6.086055601497279,1.2917688155824028,-1.106126457215966,-1.106126457215966,0.2801679039039229,-1.106126457215966,-1.106126457215966,1.091098120120252,0.2801679039039229,-1.106126457215966,0.5033114552181335,-1.106126457215966,-1.106126457215966,6.9650920827538965
39,1.3652216554574623,6.54397555616968,0.9974968753321464,1.7960045715499169,-0.5065805214441284,-1.1997277020040735,4.753515632283711,5.140631601723679,10.757152547854844,-1.1997277020040735,-0.5065805214441284,-0.5065805214441284,5.672400399334912,10.409580095082454,6.372260747373367,1.198167570794297,-1.1997277020040735,4.435061901165176,1.7447112771623663,0.186566659115817,-1.1997277020040735,-1.1997277020040735,3.3646204894637624,-0.5065805214441284,5.515655684330607,0.5920317672239808,-1.1997277020040735,-1.1997277020040735,4.309660634623904,-1.1997277020040735,1.439329627611185,-0.5065805214441284,-0.5065805214441284,-1.1997277020040735,0.4097102104300276,-1.1997277020040735,-1.1997277020040735,6.4365419013753
