,k__Bacteria; p__Firmicutes; c__Clostridia; o__Clostridiales; f__Ruminococcaceae; g__Faecalibacterium,k__Bacteria; p__Firmicutes; c__Clostridia; o__Clostridiales; f__Peptostreptococcaceae; g__[Clostridium],k__Bacteria; p__Firmicutes; c__Clostridia; o__Clostridiales; f__Clostridiaceae; g__,k__Bacteria; p__Firmicutes; c__Bacilli; o__Lactobacillales; f__Lactobacillaceae; g__Lactobacillus,k__Bacteria; p__Bacteroidetes; c__Bacteroidia; o__Bacteroidales; f__Porphyromonadaceae; g__Parabacteroides,k__Bacteria; p__Bacteroidetes; c__Bacteroidia; o__Bacteroidales; f__Rikenellaceae; g__Alistipes,k__Bacteria; p__Firmicutes; c__Clostridia; o__Clostridiales; f__Clostridiaceae; g__SMB53,k__Bacteria; p__Verrucomicrobia; c__Verrucomicrobiae; o__Verrucomicrobiales; f__Verrucomicrobiaceae; g__Akkermansia,k__Bacteria; p__Firmicutes; c__Clostridia; o__Clostridiales; f__Lachnospiraceae; g__Blautia,k__Bacteria; p__Actinobacteria; c__Actinobacteria; o__Actinomycetales; f__Micrococcaceae; g__Rothia,k__Bacteria; p__Firmicutes; c__Clostridia; o__Clostridiales; f__Veillonellaceae; g__Phascolarctobacterium,k__Bacteria; p__Firmicutes; c__Clostridia; o__Clostridiales; f__Lachnospiraceae; g__,k__Bacteria; p__Firmicutes; c__Erysipelotrichi; o__Erysipelotrichales; f__Erysipelotrichaceae; g__[Eubacterium],k__Bacteria; p__Proteobacteria; c__Gammaproteobacteria; o__Pseudomonadales; f__Pseudomonadaceae; g__Pseudomonas,k__Bacteria; p__Firmicutes; c__Clostridia; o__Clostridiales; f__Lachnospiraceae; g__Epulopiscium,k__Bacteria; p__Firmicutes; c__Clostridia; o__Clostridiales; f__Veillonellaceae; g__Megasphaera,k__Bacteria; p__Firmicutes; c__Bacilli; o__Bacillales; f__Staphylococcaceae; g__Staphylococcus,k__Bacteria; p__Firmicutes; c__Bacilli; o__Turicibacterales; f__Turicibacteraceae; g__Turicibacter,k__Bacteria; p__Firmicutes; c__Bacilli; o__Lactobacillales; f__Streptococcaceae; g__Streptococcus,k__Bacteria; p__Proteobacteria; c__Deltaproteobacteria; o__Desulfovibrionales; f__Desulfovibrionaceae; g__Bilophila,k__Bacteria; p__Firmicutes; c__Clostridia; o__Clostridiales; f__Veillonellaceae; g__Veillonella,k__Bacteria; p__Firmicutes; c__Clostridia; o__Clostridiales; f__Lachnospiraceae; g__Dorea,k__Bacteria; p__Actinobacteria; c__Coriobacteriia; o__Coriobacteriales; f__Coriobacteriaceae; g__Collinsella,k__Bacteria; p__Firmicutes; c__Clostridia; o__Clostridiales; f__Lachnospiraceae; g__Lachnospira,k__Bacteria; p__Proteobacteria; c__Gammaproteobacteria; o__Pseudomonadales; f__Moraxellaceae; g__Acinetobacter,k__Bacteria; p__Firmicutes; c__Clostridia; o__Clostridiales; f__Lachnospiraceae; g__Coprococcus,k__Bacteria; p__Proteobacteria; c__Gammaproteobacteria; o__Pasteurellales; f__Pasteurellaceae; g__Haemophilus,k__Bacteria; p__Bacteroidetes; c__Bacteroidia; o__Bacteroidales; f__Bacteroidaceae; g__Bacteroides,k__Bacteria; p__Firmicutes; c__Erysipelotrichi; o__Erysipelotrichales; f__Erysipelotrichaceae; g__Clostridium,k__Bacteria; p__Actinobacteria; c__Coriobacteriia; o__Coriobacteriales; f__Coriobacteriaceae; g__,k__Bacteria; p__Actinobacteria; c__Coriobacteriia; o__Coriobacteriales; f__Coriobacteriaceae; g__Eggerthella,k__Bacteria; p__Firmicutes; c__Clostridia; o__Clostridiales; f__Lachnospiraceae; g__Roseburia,k__Bacteria; p__Firmicutes; c__Clostridia; o__Clostridiales; f__Lachnospiraceae; g__[Ruminococcus],k__Bacteria; p__Actinobacteria; c__Actinobacteria; o__Actinomycetales; f__Actinomycetaceae; g__Actinomyces,k__Bacteria; p__Firmicutes; c__Clostridia; o__Clostridiales; f__Ruminococcaceae; g__Oscillospira,k__Bacteria; p__Firmicutes; c__Erysipelotrichi; o__Erysipelotrichales; f__Erysipelotrichaceae; g__Coprobacillus,k__Bacteria; p__Firmicutes; c__Clostridia; o__Clostridiales; f__Clostridiaceae; g__Clostridium,k__Bacteria; p__Firmicutes; c__Clostridia; o__Clostridiales; f__Ruminococcaceae; g__Ruminococcus,k__Bacteria; p__Bacteroidetes; c__Bacteroidia; o__Bacteroidales; f__Prevotellaceae; g__Prevotella,k__Bacteria; p__Firmicutes; c__Clostridia; o__Clostridiales; f__Ruminococcaceae; g__Gemmiger,k__Bacteria; p__Firmicutes; c__Clostridia; o__Clostridiales; f__Ruminococcaceae; g__Anaerotruncus,k__Bacteria; p__Firmicutes; c__Clostridia; o__Clostridiales; f__Ruminococcaceae; g__,k__Bacteria; p__Firmicutes; c__Clostridia; o__Clostridiales; f__Lachnospiraceae; g__Clostridium,k__Bacteria; p__Fusobacteria; c__Fusobacteriia; o__Fusobacteriales; f__Fusobacteriaceae; g__Fusobacterium,k__Bacteria; p__Firmicutes; c__Clostridia; o__Clostridiales; f__Veillonellaceae; g__Dialister,k__Bacteria; p__Firmicutes; c__Clostridia; o__Clostridiales; f__; g__,k__Bacteria; p__Firmicutes; c__Erysipelotrichi; o__Erysipelotrichales; f__Erysipelotrichaceae; g__,k__Bacteria; p__Proteobacteria; c__Betaproteobacteria; o__Burkholderiales; f__Alcaligenaceae; g__Sutterella,k__Bacteria; p__Firmicutes; c__Bacilli; o__Lactobacillales; f__Enterococcaceae; g__Enterococcus,k__Bacteria; p__Actinobacteria; c__Actinobacteria; o__Bifidobacteriales; f__Bifidobacteriaceae; g__Bifidobacterium
0,1.7420783026852602,-1.553758563319069,-1.553758563319069,0.23800090590898648,1.6242952670288768,-1.553758563319069,-1.553758563319069,2.1098030828105774,2.0571593493251554,-1.553758563319069,-1.553758563319069,1.9726019612970926,-1.553758563319069,1.490763874404354,-1.553758563319069,-1.553758563319069,1.5817356526100808,-1.553758563319069,1.08529876629619,-1.553758563319069,-1.553758563319069,0.5256829783607673,-1.553758563319069,-1.553758563319069,2.6803479412781903,2.1839110549642995,1.490763874404354,4.354324374849862,-1.553758563319069,-1.553758563319069,-0.16746420219917812,1.08529876629619,2.4352254832452056,-0.16746420219917812,2.4715931274160803,-1.553758563319069,-1.553758563319069,2.274882833170026,0.39215158573624453,-1.553758563319069,-1.553758563319069,2.790046858534615,-1.553758563319069,-1.553758563319069,-1.553758563319069,1.5817356526100808,-1.553758563319069,1.0111907941424674,-1.553758563319069,1.5817356526100808
1,-0.9365058358481484,-0.9365058358481484,-0.9365058358481484,-0.9365058358481484,-0.9365058358481484,6.055590591567739,2.7770662308561596,-0.9365058358481484,-0.9365058358481484,1.2607187414880707,-0.9365058358481484,-0.9365058358481484,-0.9365058358481484,0.4497885252717424,-0.9365058358481484,-0.9365058358481484,0.855253633379907,-0.9365058358481484,1.9538659220480161,-0.9365058358481484,0.1621064528199616,3.8997760711033296,-0.9365058358481484,-0.9365058358481484,-0.9365058358481484,-0.9365058358481484,2.108016601875275,0.4497885252717424,-0.9365058358481484,-0.9365058358481484,-0.9365058358481484,-0.9365058358481484,-0.9365058358481484,3.4072995860055357,-0.9365058358481484,-0.9365058358481484,6.7496564676447575,-0.9365058358481484,-0.9365058358481484,-0.9365058358481484,-0.9365058358481484,-0.9365058358481484,-0.9365058358481484,-0.9365058358481484,-0.9365058358481484,-0.9365058358481484,-0.9365058358481484,-0.9365058358481484,3.585282741200892,1.009404313207165
2,-0.538446211721122,-0.538446211721122,-0.538446211721122,-0.538446211721122,-0.538446211721122,-0.538446211721122,-0.538446211721122,-0.538446211721122,-0.538446211721122,1.5409953299587134,-0.538446211721122,-0.538446211721122,-0.538446211721122,-0.538446211721122,-0.538446211721122,-0.538446211721122,-0.538446211721122,-0.538446211721122,6.73741838882541,-0.538446211721122,7.26784307754591,-0.538446211721122,-0.538446211721122,-0.538446211721122,-0.538446211721122,-0.538446211721122,-0.538446211721122,0.847848149398768,-0.538446211721122,-0.538446211721122,-0.538446211721122,-0.538446211721122,-0.538446211721122,-0.538446211721122,-0.538446211721122,-0.538446211721122,1.764138881272923,-0.538446211721122,-0.538446211721122,-0.538446211721122,-0.538446211721122,-0.538446211721122,-0.538446211721122,-0.538446211721122,-0.538446211721122,-0.538446211721122,-0.538446211721122,-0.538446211721122,4.9949432770063975,1.4074639373341906
3,-1.4958968653905078,-1.4958968653905078,-1.4958968653905078,3.980566686541003,-1.4958968653905078,-1.4958968653905078,-0.3972845767223987,-1.4958968653905078,4.234202917583067,2.310765624379812,-1.4958968653905078,-1.4958968653905078,-1.4958968653905078,-1.4958968653905078,-1.4958968653905078,-1.4958968653905078,-1.4958968653905078,-1.4958968653905078,4.6568358293135965,-1.4958968653905078,6.187967114865922,-1.4958968653905078,-1.4958968653905078,-1.4958968653905078,-1.4958968653905078,-1.4958968653905078,0.11354104704359269,7.287499366800387,3.1954510168386365,-1.4958968653905078,0.5835446762893284,-0.3972845767223987,5.241070092611348,2.241772752892861,1.8363076447846964,-1.4958968653905078,2.2176752013138,-1.4958968653905078,-1.4958968653905078,-1.4958968653905078,-1.4958968653905078,-1.4958968653905078,4.973353451405265,-1.4958968653905078,-1.4958968653905078,-1.4958968653905078,-1.4958968653905078,-1.4958968653905078,-0.3972845767223987,7.0436447296894915
4,-0.5427229146408976,-0.5427229146408976,-0.5427229146408976,-0.5427229146408976,0.5558893740272115,-0.5427229146408976,-0.5427229146408976,-0.5427229146408976,-0.5427229146408976,-0.5427229146408976,-0.5427229146408976,-0.5427229146408976,0.5558893740272115,-0.5427229146408976,-0.5427229146408976,-0.5427229146408976,-0.5427229146408976,-0.5427229146408976,4.219451020156858,-0.5427229146408976,5.134030887627384,-0.5427229146408976,-0.5427229146408976,-0.5427229146408976,-0.5427229146408976,-0.5427229146408976,-0.5427229146408976,0.5558893740272115,-0.5427229146408976,-0.5427229146408976,-0.5427229146408976,-0.5427229146408976,1.066714997793203,-0.5427229146408976,-0.5427229146408976,-0.5427229146408976,8.403912294264952,-0.5427229146408976,-0.5427229146408976,-0.5427229146408976,-0.5427229146408976,-0.5427229146408976,-0.5427229146408976,-0.5427229146408976,-0.5427229146408976,-0.5427229146408976,-0.5427229146408976,-0.5427229146408976,1.7598621783531474,1.066714997793203
5,-1.209269493795162,-1.209269493795162,-1.209269493795162,2.851173516751257,-1.209269493795162,-1.209269493795162,-1.209269493795162,-1.209269493795162,3.7394903965830055,-0.1106572051270529,-1.209269493795162,-1.209269493795162,-1.209269493795162,-1.209269493795162,-1.209269493795162,2.7027535116329835,-1.209269493795162,-1.209269493795162,0.5824899754328925,-1.209269493795162,4.915413897099042,-1.209269493795162,-1.209269493795162,-1.209269493795162,-1.209269493795162,-1.209269493795162,-1.209269493795162,7.820986816327257,0.17702486732472789,-1.209269493795162,0.17702486732472789,-1.209269493795162,5.290517546860691,-0.1106572051270529,2.619371902693932,-1.209269493795162,4.271369429546828,-1.209269493795162,-1.209269493795162,-1.209269493795162,-1.209269493795162,-1.209269493795162,4.9132233157192235,-1.209269493795162,-1.209269493795162,-1.209269493795162,-1.209269493795162,-1.209269493795162,1.275637155992838,6.6861665131478025
6,-0.6864235723787768,-0.6864235723787768,-0.6864235723787768,-0.6864235723787768,-0.6864235723787768,-0.6864235723787768,-0.6864235723787768,-0.6864235723787768,-0.6864235723787768,2.021626628723433,-0.6864235723787768,-0.6864235723787768,-0.6864235723787768,-0.6864235723787768,-0.6864235723787768,-0.6864235723787768,-0.6864235723787768,-0.6864235723787768,3.813386097951488,-0.6864235723787768,4.966065607889874,-0.6864235723787768,-0.6864235723787768,0.4121887162893323,-0.6864235723787768,-0.6864235723787768,0.4121887162893323,-0.6864235723787768,7.550791130970712,-0.6864235723787768,-0.6864235723787768,-0.6864235723787768,0.4121887162893323,-0.6864235723787768,-0.6864235723787768,-0.6864235723787768,6.945492940692475,-0.6864235723787768,-0.6864235723787768,-0.6864235723787768,-0.6864235723787768,-0.6864235723787768,-0.6864235723787768,-0.6864235723787768,-0.6864235723787768,-0.6864235723787768,-0.6864235723787768,-0.6864235723787768,0.9230143400553228,0.9230143400553228
7,2.0830609701336984,-0.7501523739225178,-0.7501523739225178,-0.7501523739225178,-0.7501523739225178,-0.7501523739225178,-0.7501523739225178,-0.7501523739225178,-0.7501523739225178,-0.7501523739225178,-0.7501523739225178,-0.7501523739225178,-0.7501523739225178,-0.7501523739225178,-0.7501523739225178,-0.7501523739225178,0.636141987197373,-0.7501523739225178,3.2201395396296038,-0.7501523739225178,3.793142408347486,-0.7501523739225178,-0.7501523739225178,-0.7501523739225178,-0.7501523739225178,0.8592855385115827,1.647742898875853,-0.7501523739225178,6.798930336889768,-0.7501523739225178,-0.7501523739225178,-0.7501523739225178,1.4470722034137014,-0.7501523739225178,0.8592855385115827,-0.7501523739225178,5.965231012412163,-0.7501523739225178,-0.7501523739225178,-0.7501523739225178,-0.7501523739225178,-0.7501523739225178,-0.7501523739225178,-0.7501523739225178,-0.7501523739225178,-0.7501523739225178,-0.7501523739225178,-0.7501523739225178,1.1957577751327957,2.2455798996314726
8,-1.1855934496502485,-1.1855934496502485,-1.1855934496502485,3.0040612923761767,0.2007009114696423,-1.1855934496502485,-1.1855934496502485,0.2007009114696423,3.908156751156514,-1.1855934496502485,-1.1855934496502485,-1.1855934496502485,-1.1855934496502485,-1.1855934496502485,-1.1855934496502485,2.7062268484603775,-1.1855934496502485,-1.1855934496502485,1.2993132001377514,-1.1855934496502485,4.4165253712294525,-1.1855934496502485,-1.1855934496502485,-1.1855934496502485,1.1169916433437965,-1.1855934496502485,-1.1855934496502485,7.316283037654095,-1.1855934496502485,-1.1855934496502485,-1.1855934496502485,-1.1855934496502485,5.4685590705329705,0.2007009114696423,1.6476198944059677,-1.1855934496502485,5.255353090982672,-1.1855934496502485,-1.1855934496502485,-1.1855934496502485,-1.1855934496502485,-1.1855934496502485,4.754577803070182,-1.1855934496502485,-1.1855934496502485,-1.1855934496502485,-1.1855934496502485,-1.1855934496502485,-1.1855934496502485,6.237974994608918
9,-1.260838899470409,-1.260838899470409,-1.260838899470409,-0.16222661080229983,-1.260838899470409,1.7348933740835815,-1.260838899470409,-1.260838899470409,5.513384986887205,0.34859901296369067,-1.260838899470409,-1.260838899470409,-1.260838899470409,-1.260838899470409,-1.260838899470409,1.378218430144849,-1.260838899470409,-1.260838899470409,0.9363856778658102,-1.260838899470409,4.97943694570036,3.551345455902008,-1.260838899470409,-1.260838899470409,-1.260838899470409,-1.260838899470409,3.1336102552020293,0.6850712495849036,7.744566140840233,-1.260838899470409,-1.260838899470409,-1.260838899470409,7.386504976410873,-1.260838899470409,-1.260838899470409,-1.260838899470409,5.6755038363636405,-1.260838899470409,-1.260838899470409,-1.260838899470409,-1.260838899470409,-1.260838899470409,-1.260838899470409,-0.16222661080229983,-1.260838899470409,-1.260838899470409,-1.260838899470409,-1.260838899470409,0.12545546164948185,7.477575997697339
10,-0.3699006108502285,-1.4685128995183376,-0.7753657189583922,-1.4685128995183376,-1.4685128995183376,5.5534635235538214,-1.4685128995183376,-1.4685128995183376,5.90486141039171,-0.3699006108502285,-1.4685128995183376,-1.4685128995183376,-1.4685128995183376,-1.4685128995183376,-0.08221853839844684,1.898782930468136,-1.4685128995183376,-1.4685128995183376,0.47739724953697493,-1.4685128995183376,6.374158575461119,4.653979909996048,-1.4685128995183376,-1.4685128995183376,-1.4685128995183376,-1.4685128995183376,-1.4685128995183376,0.7287116778178815,6.310117247807471,-1.4685128995183376,-0.3699006108502285,-1.4685128995183376,6.302132334610839,-1.4685128995183376,-1.4685128995183376,-1.4685128995183376,5.391102004135864,-1.4685128995183376,-1.4685128995183376,-1.4685128995183376,-1.4685128995183376,-1.4685128995183376,5.041745441004812,-1.4685128995183376,-1.4685128995183376,-1.4685128995183376,-1.4685128995183376,-1.4685128995183376,0.3232465697097169,6.546483994829963
11,-1.391396216252427,-1.391396216252427,-1.391396216252427,-1.391396216252427,-1.391396216252427,2.559847502329001,-1.391396216252427,-1.391396216252427,5.6699381506580115,-0.005101855132536137,-1.391396216252427,-1.391396216252427,-1.391396216252427,-1.391396216252427,-1.391396216252427,4.257578021908779,-1.391396216252427,-1.391396216252427,4.173124191070267,-1.391396216252427,5.528287633594985,3.24333277197721,-1.391396216252427,-1.391396216252427,-1.391396216252427,-1.391396216252427,2.0425909882327202,-1.391396216252427,7.033242993553204,-1.391396216252427,-1.391396216252427,-1.391396216252427,6.457927601788135,-1.391396216252427,-1.391396216252427,-1.391396216252427,3.6058160575116887,-1.391396216252427,-1.391396216252427,-1.391396216252427,-1.391396216252427,-1.391396216252427,2.4152662735178936,0.8058283610837931,-1.391396216252427,-1.391396216252427,-1.391396216252427,-1.391396216252427,0.9111888767416199,7.2430465352140505
12,5.822624383932814,-1.4329668903208512,-1.4329668903208512,-1.4329668903208512,-1.4329668903208512,4.360046718063293,-1.4329668903208512,-1.4329668903208512,5.270221222920012,-0.04667252920096043,-1.4329668903208512,-1.4329668903208512,-1.4329668903208512,-1.4329668903208512,-1.4329668903208512,2.2559125637930855,-1.4329668903208512,-1.4329668903208512,2.417180711389207,-1.4329668903208512,3.515793000057317,2.3282332253727116,-1.4329668903208512,-1.4329668903208512,-1.4329668903208512,-1.4329668903208512,1.0519397594671496,-0.3343546016527412,5.160077643821586,-1.4329668903208512,-1.4329668903208512,-1.4329668903208512,5.959680630400772,-1.4329668903208512,-1.4329668903208512,-1.4329668903208512,2.6941674947242404,-1.4329668903208512,-1.4329668903208512,-1.4329668903208512,-1.4329668903208512,-1.4329668903208512,-1.4329668903208512,0.8696182026731947,0.5129432587344622,-1.4329668903208512,-1.4329668903208512,4.064201334972351,-0.04667252920096043,6.0664564002713774
13,-0.6230747855962804,-1.7216870742643904,-1.7216870742643904,1.5364094637570922,-1.7216870742643904,3.0658046685176563,-1.7216870742643904,-1.7216870742643904,4.551189932281778,-1.7216870742643904,-1.7216870742643904,-1.7216870742643904,-1.7216870742643904,-1.7216870742643904,-1.7216870742643904,2.76694929546775,-1.7216870742643904,-1.7216870742643904,1.6105174359108139,1.322835363459033,2.5958010392719206,2.7891724322524603,-1.7216870742643904,-1.7216870742643904,-1.7216870742643904,2.58237801893978,1.6795103073977655,-1.7216870742643904,4.676907860270818,-1.7216870742643904,-0.6230747855962804,-1.7216870742643904,5.392269035301645,-1.7216870742643904,0.9863631268378201,-1.7216870742643904,3.482319612812405,-0.6230747855962804,3.615851005436928,-1.7216870742643904,-1.7216870742643904,-0.6230747855962804,-1.7216870742643904,-1.7216870742643904,2.8834831117237014,-1.7216870742643904,-1.7216870742643904,2.389186789908921,1.0509016479753912,6.582807823699176
14,-2.0404684098650208,-2.0404684098650208,-2.0404684098650208,-2.0404684098650208,-2.0404684098650208,2.763552634868235,-2.0404684098650208,-2.0404684098650208,3.089430305058052,-2.0404684098650208,-2.0404684098650208,-2.0404684098650208,-2.0404684098650208,-2.0404684098650208,-2.0404684098650208,0.7321203123747599,-2.0404684098650208,-2.0404684098650208,4.041750500511425,1.9107753087164063,3.2325311486987256,3.9707987645391403,-2.0404684098650208,-2.0404684098650208,-2.0404684098650208,2.5444990688055507,4.059850542155043,-2.0404684098650208,4.582267914084818,-2.0404684098650208,-0.9418561211969116,-2.0404684098650208,6.021333864673326,-0.9418561211969116,1.4252674929347053,-2.0404684098650208,5.029405718593551,-2.0404684098650208,4.317373856643078,-2.0404684098650208,-2.0404684098650208,2.7958134970864563,0.357426862933349,0.44443823992297915,3.1524884410251888,-2.0404684098650208,-2.0404684098650208,2.9362653325555534,-0.43103049743092114,5.443900233421109
15,-1.81188756749689,-3.198181928616779,-3.198181928616779,-0.559124599001521,-3.198181928616779,3.643433547860812,-3.198181928616779,-3.198181928616779,3.8784718868271715,-2.09956963994867,-3.198181928616779,-1.2522717795614655,2.8609412669650167,-2.09956963994867,-3.198181928616779,-3.198181928616779,-3.198181928616779,-3.198181928616779,3.6359268101970588,2.5763696169276287,1.5554082624895846,2.518845772789442,-3.198181928616779,5.689608835578547,-3.198181928616779,2.597875822148592,3.120786185129655,-1.1187403869369446,4.244310794177661,-3.198181928616779,-0.06268771268763018,-1.5887440161826794,5.378788466835318,-3.198181928616779,2.4401727407169664,2.1489256021006886,4.691277220787745,-0.3649685845605637,3.4851790171494947,-3.198181928616779,-3.198181928616779,3.1509570627630183,2.531917854356795,-1.0009573512805607,3.8793161249524517,-2.09956963994867,-3.198181928616779,4.229556911916113,0.16911390136969384,5.335081442976952
16,-1.7763568394002505e-15,-1.7763568394002505e-15,-1.7763568394002505e-15,-1.7763568394002505e-15,-1.7763568394002505e-15,-1.7763568394002505e-15,-1.7763568394002505e-15,-1.7763568394002505e-15,-1.7763568394002505e-15,-1.7763568394002505e-15,-1.7763568394002505e-15,-1.7763568394002505e-15,-1.7763568394002505e-15,-1.7763568394002505e-15,-1.7763568394002505e-15,-1.7763568394002505e-15,-1.7763568394002505e-15,-1.7763568394002505e-15,-1.7763568394002505e-15,-1.7763568394002505e-15,-1.7763568394002505e-15,-1.7763568394002505e-15,-1.7763568394002505e-15,-1.7763568394002505e-15,-1.7763568394002505e-15,-1.7763568394002505e-15,-1.7763568394002505e-15,-1.7763568394002505e-15,-1.7763568394002505e-15,-1.7763568394002505e-15,-1.7763568394002505e-15,-1.7763568394002505e-15,-1.7763568394002505e-15,-1.7763568394002505e-15,-1.7763568394002505e-15,-1.7763568394002505e-15,-1.7763568394002505e-15,-1.7763568394002505e-15,-1.7763568394002505e-15,-1.7763568394002505e-15,-1.7763568394002505e-15,-1.7763568394002505e-15,-1.7763568394002505e-15,-1.7763568394002505e-15,-1.7763568394002505e-15,-1.7763568394002505e-15,-1.7763568394002505e-15,-1.7763568394002505e-15,-1.7763568394002505e-15,-1.7763568394002505e-15
17,-0.5310454750222755,-2.928940747820646,-0.9830305987653327,-2.928940747820646,-2.928940747820646,2.437035267201206,-2.928940747820646,1.63540744364719,4.001554018130981,-2.928940747820646,-2.928940747820646,4.77722222237893,0.2065534681085035,-2.928940747820646,-2.928940747820646,-2.928940747820646,-2.928940747820646,-1.5426463867007554,0.06679152573334513,2.517796623845664,-1.830328459152537,2.3285546242071353,-0.84949920614081,5.179080473556101,-2.928940747820646,2.968213119816095,1.891340817784391,-0.6263556548266003,3.721338300766776,-2.928940747820646,-1.830328459152537,0.6264073136687678,3.7619015295979175,-2.928940747820646,2.5134769627011475,-0.038568989924481656,2.1080118545929833,2.437035267201206,-1.1371812785925908,-2.928940747820646,-2.928940747820646,2.224350846677133,1.1485966960850735,1.7805894534916877,0.9212068538894123,0.06679152573334513,3.31522615284309,3.5975541117501444,-2.928940747820646,2.604448740906874
18,5.534706379529842,-3.0430173116264276,-1.0971071625711142,-1.9444050229583185,-3.0430173116264276,3.738040314309752,-3.0430173116264276,-1.433579399192328,3.500894533938365,-3.0430173116264276,-3.0430173116264276,3.8746882982088775,-1.433579399192328,-3.0430173116264276,-3.0430173116264276,-3.0430173116264276,-3.0430173116264276,-3.0430173116264276,1.926795987949573,1.8090129522931893,0.7181828040671352,2.1554797196393984,0.8281836992814631,4.305570219301165,-3.0430173116264276,2.9852612086042707,2.1554797196393984,-0.7404322186323817,2.529136720551337,-3.0430173116264276,-3.0430173116264276,3.1328499584793335,2.7859283059837794,-3.0430173116264276,2.5881944701949378,-3.0430173116264276,3.2920369398716316,3.107585456819852,0.48334321298973393,-3.0430173116264276,-3.0430173116264276,0.04802514173188843,1.2474421295219633,-3.0430173116264276,2.9731398480719258,1.3514318430460115,2.980430281334605,4.414591978089179,-3.0430173116264276,3.876666538220983
19,-1.7763568394002505e-15,-1.7763568394002505e-15,-1.7763568394002505e-15,-1.7763568394002505e-15,-1.7763568394002505e-15,-1.7763568394002505e-15,-1.7763568394002505e-15,-1.7763568394002505e-15,-1.7763568394002505e-15,-1.7763568394002505e-15,-1.7763568394002505e-15,-1.7763568394002505e-15,-1.7763568394002505e-15,-1.7763568394002505e-15,-1.7763568394002505e-15,-1.7763568394002505e-15,-1.7763568394002505e-15,-1.7763568394002505e-15,-1.7763568394002505e-15,-1.7763568394002505e-15,-1.7763568394002505e-15,-1.7763568394002505e-15,-1.7763568394002505e-15,-1.7763568394002505e-15,-1.7763568394002505e-15,-1.7763568394002505e-15,-1.7763568394002505e-15,-1.7763568394002505e-15,-1.7763568394002505e-15,-1.7763568394002505e-15,-1.7763568394002505e-15,-1.7763568394002505e-15,-1.7763568394002505e-15,-1.7763568394002505e-15,-1.7763568394002505e-15,-1.7763568394002505e-15,-1.7763568394002505e-15,-1.7763568394002505e-15,-1.7763568394002505e-15,-1.7763568394002505e-15,-1.7763568394002505e-15,-1.7763568394002505e-15,-1.7763568394002505e-15,-1.7763568394002505e-15,-1.7763568394002505e-15,-1.7763568394002505e-15,-1.7763568394002505e-15,-1.7763568394002505e-15,-1.7763568394002505e-15,-1.7763568394002505e-15
20,-1.7763568394002505e-15,-1.7763568394002505e-15,-1.7763568394002505e-15,-1.7763568394002505e-15,-1.7763568394002505e-15,-1.7763568394002505e-15,-1.7763568394002505e-15,-1.7763568394002505e-15,-1.7763568394002505e-15,-1.7763568394002505e-15,-1.7763568394002505e-15,-1.7763568394002505e-15,-1.7763568394002505e-15,-1.7763568394002505e-15,-1.7763568394002505e-15,-1.7763568394002505e-15,-1.7763568394002505e-15,-1.7763568394002505e-15,-1.7763568394002505e-15,-1.7763568394002505e-15,-1.7763568394002505e-15,-1.7763568394002505e-15,-1.7763568394002505e-15,-1.7763568394002505e-15,-1.7763568394002505e-15,-1.7763568394002505e-15,-1.7763568394002505e-15,-1.7763568394002505e-15,-1.7763568394002505e-15,-1.7763568394002505e-15,-1.7763568394002505e-15,-1.7763568394002505e-15,-1.7763568394002505e-15,-1.7763568394002505e-15,-1.7763568394002505e-15,-1.7763568394002505e-15,-1.7763568394002505e-15,-1.7763568394002505e-15,-1.7763568394002505e-15,-1.7763568394002505e-15,-1.7763568394002505e-15,-1.7763568394002505e-15,-1.7763568394002505e-15,-1.7763568394002505e-15,-1.7763568394002505e-15,-1.7763568394002505e-15,-1.7763568394002505e-15,-1.7763568394002505e-15,-1.7763568394002505e-15,-1.7763568394002505e-15
21,-1.7763568394002505e-15,-1.7763568394002505e-15,-1.7763568394002505e-15,-1.7763568394002505e-15,-1.7763568394002505e-15,-1.7763568394002505e-15,-1.7763568394002505e-15,-1.7763568394002505e-15,-1.7763568394002505e-15,-1.7763568394002505e-15,-1.7763568394002505e-15,-1.7763568394002505e-15,-1.7763568394002505e-15,-1.7763568394002505e-15,-1.7763568394002505e-15,-1.7763568394002505e-15,-1.7763568394002505e-15,-1.7763568394002505e-15,-1.7763568394002505e-15,-1.7763568394002505e-15,-1.7763568394002505e-15,-1.7763568394002505e-15,-1.7763568394002505e-15,-1.7763568394002505e-15,-1.7763568394002505e-15,-1.7763568394002505e-15,-1.7763568394002505e-15,-1.7763568394002505e-15,-1.7763568394002505e-15,-1.7763568394002505e-15,-1.7763568394002505e-15,-1.7763568394002505e-15,-1.7763568394002505e-15,-1.7763568394002505e-15,-1.7763568394002505e-15,-1.7763568394002505e-15,-1.7763568394002505e-15,-1.7763568394002505e-15,-1.7763568394002505e-15,-1.7763568394002505e-15,-1.7763568394002505e-15,-1.7763568394002505e-15,-1.7763568394002505e-15,-1.7763568394002505e-15,-1.7763568394002505e-15,-1.7763568394002505e-15,-1.7763568394002505e-15,-1.7763568394002505e-15,-1.7763568394002505e-15,-1.7763568394002505e-15
22,-1.7763568394002505e-15,-1.7763568394002505e-15,-1.7763568394002505e-15,-1.7763568394002505e-15,-1.7763568394002505e-15,-1.7763568394002505e-15,-1.7763568394002505e-15,-1.7763568394002505e-15,-1.7763568394002505e-15,-1.7763568394002505e-15,-1.7763568394002505e-15,-1.7763568394002505e-15,-1.7763568394002505e-15,-1.7763568394002505e-15,-1.7763568394002505e-15,-1.7763568394002505e-15,-1.7763568394002505e-15,-1.7763568394002505e-15,-1.7763568394002505e-15,-1.7763568394002505e-15,-1.7763568394002505e-15,-1.7763568394002505e-15,-1.7763568394002505e-15,-1.7763568394002505e-15,-1.7763568394002505e-15,-1.7763568394002505e-15,-1.7763568394002505e-15,-1.7763568394002505e-15,-1.7763568394002505e-15,-1.7763568394002505e-15,-1.7763568394002505e-15,-1.7763568394002505e-15,-1.7763568394002505e-15,-1.7763568394002505e-15,-1.7763568394002505e-15,-1.7763568394002505e-15,-1.7763568394002505e-15,-1.7763568394002505e-15,-1.7763568394002505e-15,-1.7763568394002505e-15,-1.7763568394002505e-15,-1.7763568394002505e-15,-1.7763568394002505e-15,-1.7763568394002505e-15,-1.7763568394002505e-15,-1.7763568394002505e-15,-1.7763568394002505e-15,-1.7763568394002505e-15,-1.7763568394002505e-15,-1.7763568394002505e-15
23,-1.7763568394002505e-15,-1.7763568394002505e-15,-1.7763568394002505e-15,-1.7763568394002505e-15,-1.7763568394002505e-15,-1.7763568394002505e-15,-1.7763568394002505e-15,-1.7763568394002505e-15,-1.7763568394002505e-15,-1.7763568394002505e-15,-1.7763568394002505e-15,-1.7763568394002505e-15,-1.7763568394002505e-15,-1.7763568394002505e-15,-1.7763568394002505e-15,-1.7763568394002505e-15,-1.7763568394002505e-15,-1.7763568394002505e-15,-1.7763568394002505e-15,-1.7763568394002505e-15,-1.7763568394002505e-15,-1.7763568394002505e-15,-1.7763568394002505e-15,-1.7763568394002505e-15,-1.7763568394002505e-15,-1.7763568394002505e-15,-1.7763568394002505e-15,-1.7763568394002505e-15,-1.7763568394002505e-15,-1.7763568394002505e-15,-1.7763568394002505e-15,-1.7763568394002505e-15,-1.7763568394002505e-15,-1.7763568394002505e-15,-1.7763568394002505e-15,-1.7763568394002505e-15,-1.7763568394002505e-15,-1.7763568394002505e-15,-1.7763568394002505e-15,-1.7763568394002505e-15,-1.7763568394002505e-15,-1.7763568394002505e-15,-1.7763568394002505e-15,-1.7763568394002505e-15,-1.7763568394002505e-15,-1.7763568394002505e-15,-1.7763568394002505e-15,-1.7763568394002505e-15,-1.7763568394002505e-15,-1.7763568394002505e-15
