,k__Bacteria;p__Actinobacteria;c__Actinobacteria;o__Actinomycetales;f__Actinomycetaceae,k__Bacteria;p__Actinobacteria;c__Actinobacteria;o__Bifidobacteriales;f__Bifidobacteriaceae,k__Bacteria;p__Actinobacteria;c__Actinobacteria;o__Corynebacteriales;f__Corynebacteriaceae,k__Bacteria;p__Actinobacteria;c__Actinobacteria;o__Corynebacteriales;f__Mycobacteriaceae,k__Bacteria;p__Actinobacteria;c__Actinobacteria;o__Corynebacteriales;f__Nocardiaceae,k__Bacteria;p__Actinobacteria;c__Actinobacteria;o__Micrococcales;f__Cellulomonadaceae,k__Bacteria;p__Actinobacteria;c__Actinobacteria;o__Micrococcales;f__Dermacoccaceae,k__Bacteria;p__Actinobacteria;c__Actinobacteria;o__Micrococcales;f__Microbacteriaceae,k__Bacteria;p__Actinobacteria;c__Actinobacteria;o__Micrococcales;f__Micrococcaceae,k__Bacteria;p__Actinobacteria;c__Actinobacteria;o__Micrococcales;f__Promicromonosporaceae,k__Bacteria;p__Actinobacteria;c__Actinobacteria;o__Micrococcales;f__Sanguibacteraceae,k__Bacteria;p__Actinobacteria;c__Actinobacteria;o__Propionibacteriales;f__Propionibacteriaceae,k__Bacteria;p__Actinobacteria;c__Actinobacteria;o__Streptomycetales;f__Streptomycetaceae,k__Bacteria;p__Actinobacteria;c__Coriobacteriia;o__Coriobacteriales;f__Atopobiaceae,k__Bacteria;p__Actinobacteria;c__Coriobacteriia;o__Coriobacteriales;f__Coriobacteriaceae,k__Bacteria;p__Actinobacteria;c__Coriobacteriia;o__Eggerthellales;f__Eggerthellaceae,k__Bacteria;p__Bacteroidetes;c__Bacteroidia;o__Bacteroidales;f__Bacteroidaceae,k__Bacteria;p__Bacteroidetes;c__Bacteroidia;o__Bacteroidales;f__Barnesiellaceae,k__Bacteria;p__Bacteroidetes;c__Bacteroidia;o__Bacteroidales;f__Odoribacteraceae,k__Bacteria;p__Bacteroidetes;c__Bacteroidia;o__Bacteroidales;f__Porphyromonadaceae,k__Bacteria;p__Bacteroidetes;c__Bacteroidia;o__Bacteroidales;f__Prevotellaceae,k__Bacteria;p__Bacteroidetes;c__Bacteroidia;o__Bacteroidales;f__Rikenellaceae,k__Bacteria;p__Bacteroidetes;c__Bacteroidia;o__Bacteroidales;f__Tannerellaceae,k__Bacteria;p__Bacteroidetes;c__Flavobacteriia;o__Flavobacteriales;f__Flavobacteriaceae,k__Bacteria;p__Chlamydiae;c__Chlamydiia;o__Chlamydiales;f__Chlamydiaceae,k__Bacteria;p__Firmicutes;c__Bacilli;o__Bacillales;f__Bacillaceae,k__Bacteria;p__Firmicutes;c__Bacilli;o__Bacillales;f__Listeriaceae,k__Bacteria;p__Firmicutes;c__Bacilli;o__Bacillales;f__Paenibacillaceae,k__Bacteria;p__Firmicutes;c__Bacilli;o__Bacillales;f__Staphylococcaceae,k__Bacteria;p__Firmicutes;c__Bacilli;o__Lactobacillales;f__Aerococcaceae,k__Bacteria;p__Firmicutes;c__Bacilli;o__Lactobacillales;f__Carnobacteriaceae,k__Bacteria;p__Firmicutes;c__Bacilli;o__Lactobacillales;f__Enterococcaceae,k__Bacteria;p__Firmicutes;c__Bacilli;o__Lactobacillales;f__Lactobacillaceae,k__Bacteria;p__Firmicutes;c__Bacilli;o__Lactobacillales;f__Leuconostocaceae,k__Bacteria;p__Firmicutes;c__Bacilli;o__Lactobacillales;f__Streptococcaceae,k__Bacteria;p__Firmicutes;c__Clostridia;o__Clostridiales;f__Catabacteriaceae,k__Bacteria;p__Firmicutes;c__Clostridia;o__Clostridiales;f__Christensenellaceae,k__Bacteria;p__Firmicutes;c__Clostridia;o__Clostridiales;f__Clostridiaceae,k__Bacteria;p__Firmicutes;c__Clostridia;o__Clostridiales;f__Clostridiales_Family_XIII._Incertae_Sedis,k__Bacteria;p__Firmicutes;c__Clostridia;o__Clostridiales;f__Eubacteriaceae,k__Bacteria;p__Firmicutes;c__Clostridia;o__Clostridiales;f__Lachnospiraceae,k__Bacteria;p__Firmicutes;c__Clostridia;o__Clostridiales;f__Oscillospiraceae,k__Bacteria;p__Firmicutes;c__Clostridia;o__Clostridiales;f__Peptococcaceae,k__Bacteria;p__Firmicutes;c__Clostridia;o__Clostridiales;f__Peptostreptococcaceae,k__Bacteria;p__Firmicutes;c__Clostridia;o__Clostridiales;f__Ruminococcaceae,k__Bacteria;p__Firmicutes;c__Erysipelotrichia;o__Erysipelotrichales;f__Erysipelotrichaceae,k__Bacteria;p__Firmicutes;c__Negativicutes;o__Acidaminococcales;f__Acidaminococcaceae,k__Bacteria;p__Firmicutes;c__Negativicutes;o__Selenomonadales;f__Selenomonadaceae,k__Bacteria;p__Firmicutes;c__Negativicutes;o__Veillonellales;f__Veillonellaceae,k__Bacteria;p__Firmicutes;c__Tissierellia;o__Tissierellales;f__Peptoniphilaceae,k__Bacteria;p__Firmicutes;c__Tissierellia;o__Tissierellales;f__Tissierellaceae,k__Bacteria;p__Fusobacteria;c__Fusobacteriia;o__Fusobacteriales;f__Fusobacteriaceae,k__Bacteria;p__Fusobacteria;c__Fusobacteriia;o__Fusobacteriales;f__Leptotrichiaceae,k__Bacteria;p__Proteobacteria;c__Betaproteobacteria;o__Burkholderiales;f__Alcaligenaceae,k__Bacteria;p__Proteobacteria;c__Betaproteobacteria;o__Burkholderiales;f__Burkholderiaceae,k__Bacteria;p__Proteobacteria;c__Betaproteobacteria;o__Burkholderiales;f__Oxalobacteraceae,k__Bacteria;p__Proteobacteria;c__Betaproteobacteria;o__Burkholderiales;f__Sutterellaceae,k__Bacteria;p__Proteobacteria;c__Betaproteobacteria;o__Neisseriales;f__Neisseriaceae,k__Bacteria;p__Proteobacteria;c__Deltaproteobacteria;o__Desulfovibrionales;f__Desulfovibrionaceae,k__Bacteria;p__Proteobacteria;c__Epsilonproteobacteria;o__Campylobacterales;f__Campylobacteraceae,k__Bacteria;p__Proteobacteria;c__Gammaproteobacteria;o__Aeromonadales;f__Aeromonadaceae,k__Bacteria;p__Proteobacteria;c__Gammaproteobacteria;o__Alteromonadales;f__Colwelliaceae,k__Bacteria;p__Proteobacteria;c__Gammaproteobacteria;o__Enterobacterales;f__Enterobacteriaceae,k__Bacteria;p__Proteobacteria;c__Gammaproteobacteria;o__Enterobacterales;f__Erwiniaceae,k__Bacteria;p__Proteobacteria;c__Gammaproteobacteria;o__Enterobacterales;f__Morganellaceae,k__Bacteria;p__Proteobacteria;c__Gammaproteobacteria;o__Enterobacterales;f__Yersiniaceae,k__Bacteria;p__Proteobacteria;c__Gammaproteobacteria;o__Oceanospirillales;f__Alcanivoracaceae,k__Bacteria;p__Proteobacteria;c__Gammaproteobacteria;o__Pasteurellales;f__Pasteurellaceae,k__Bacteria;p__Proteobacteria;c__Gammaproteobacteria;o__Pseudomonadales;f__Moraxellaceae,k__Bacteria;p__Proteobacteria;c__Gammaproteobacteria;o__Pseudomonadales;f__Pseudomonadaceae,k__Bacteria;p__Proteobacteria;c__Gammaproteobacteria;o__Vibrionales;f__Vibrionaceae,k__Bacteria;p__Spirochaetes;c__Spirochaetia;o__;f__Leptospiraceae,k__Bacteria;p__Spirochaetes;c__Spirochaetia;o__Brachyspirales;f__Brachyspiraceae,k__Bacteria;p__Spirochaetes;c__Spirochaetia;o__Spirochaetales;f__Spirochaetaceae,k__Bacteria;p__Synergistetes;c__Synergistia;o__Synergistales;f__Synergistaceae,k__Bacteria;p__Tenericutes;c__Mollicutes;o__Mycoplasmatales;f__Mycoplasmataceae,k__Bacteria;p__Verrucomicrobia;c__Verrucomicrobiae;o__Verrucomicrobiales;f__Akkermansiaceae
0,2.783525418362659,6.789833750828,-0.3805421700105462,-0.0928600975587663,-1.4791544586786571,-0.0928600975587663,-0.7860072781187117,-1.4791544586786571,0.4667556903766563,0.4667556903766563,-0.0928600975587663,-1.4791544586786571,-1.4791544586786571,1.1599028709366015,6.835922548615447,5.788370969149515,9.434369145417138,6.856037124754546,2.615190103543444,1.4652845204877831,6.248380651796792,7.7138362749624125,8.880332875339683,-1.4791544586786571,-1.4791544586786571,0.8234306343153897,-1.4791544586786571,0.4667556903766563,-0.3805421700105462,-1.4791544586786571,-0.0928600975587663,0.4667556903766563,1.6988993716692882,1.516577814875335,5.8393850898892445,-1.4791544586786571,1.7789420793428246,6.781855327345171,1.95483274580649,7.687129527100606,9.909171038058242,6.321827612579084,-1.4791544586786571,5.318785954296274,9.458477969970843,6.585167502232146,5.168533914884673,1.085794898782881,6.0667636925306665,2.7403532464974507,0.3126050105493974,-1.4791544586786571,1.35405888537756,-1.4791544586786571,-0.7860072781187117,-1.4791544586786571,3.50445216302968,-0.7860072781187117,5.301903167257523,1.9220429229834988,-1.4791544586786571,-1.4791544586786571,4.645528932215548,-0.7860072781187117,-1.4791544586786571,-1.4791544586786571,-1.4791544586786571,2.769340783370703,-1.4791544586786571,-0.7860072781187117,0.3126050105493974,-0.3805421700105462,-1.4791544586786571,-0.7860072781187117,-1.4791544586786571,-0.7860072781187117,7.9429044469422685
1,2.6011350084535696,7.018196432228398,-0.1234444945998518,-0.8165916751597972,-1.5097388557197409,-0.8165916751597972,-1.5097388557197409,-1.5097388557197409,-0.1234444945998518,-0.1234444945998518,-0.4111265670516317,-1.5097388557197409,-1.5097388557197409,1.7483576823017408,7.231237682298045,5.936846243437984,10.02055490341158,6.884834622148585,3.115233957564529,0.975167794068259,6.454764507831806,7.910538240083369,9.3425453402468,-1.5097388557197409,-1.5097388557197409,1.0552105017417954,-1.5097388557197409,1.198311345382468,0.5697026859600935,-0.8165916751597972,0.0996990567143587,1.5813035976385734,2.2969236340505788,1.6257553602094088,6.193268826759494,-1.5097388557197409,2.3404087459903167,7.419034044804514,3.064972122783642,8.368635996001311,10.571982983488333,6.458234323943193,-1.5097388557197409,5.605843270464712,9.579776447487443,7.272430570612639,5.153393840271061,1.262849866520039,6.400851756536737,2.7943262374844284,0.7928462372743041,0.0996990567143587,-0.4111265670516317,-0.4111265670516317,-1.5097388557197409,-1.5097388557197409,3.773464873018247,-1.5097388557197409,5.3726986152781055,2.251461259973821,-0.8165916751597972,-1.5097388557197409,5.088770172894774,-1.5097388557197409,-1.5097388557197409,-1.5097388557197409,-1.5097388557197409,1.6257553602094088,-1.5097388557197409,-1.5097388557197409,-1.5097388557197409,-1.5097388557197409,-1.5097388557197409,-0.8165916751597972,-1.5097388557197409,-1.5097388557197409,7.147390175994013
2,3.957638015952389,8.329637481958768,1.2811931542655088,-1.4268570468367,-1.4268570468367,-1.4268570468367,-1.4268570468367,-1.4268570468367,1.0580496029513,1.1380923106248364,0.5190531022186136,0.3649024223913546,-1.4268570468367,2.286715019867607,8.25323692313001,6.169535257227496,8.562624698866289,5.298176595330142,1.0580496029513,1.7086371690924498,4.759351577063794,6.407931060551494,6.462976704557595,-1.4268570468367,-1.4268570468367,-0.0405626857168091,-1.4268570468367,-1.4268570468367,-0.3282447581685908,-0.3282447581685908,0.9710382259616708,3.642047155383532,3.1057424463165564,1.1380923106248364,7.029736522450608,0.5190531022186136,4.306484230061045,6.625757771978866,3.6100955555769296,8.916432626212043,11.265086425501774,4.18627105955137,-1.4268570468367,7.069725190675412,9.588027388726957,7.9820882520065375,3.7988896268765,1.4063562972195154,4.523785505751027,3.648316768397127,1.212200282778559,0.8757280461573451,-0.0405626857168091,-1.4268570468367,-1.4268570468367,-1.4268570468367,0.7703675304995183,-1.4268570468367,3.881410650564504,3.039051071817884,-1.4268570468367,-1.4268570468367,4.10653244189082,-1.4268570468367,-1.4268570468367,-1.4268570468367,-1.4268570468367,0.6525844948431363,-1.4268570468367,-1.4268570468367,-1.4268570468367,-1.4268570468367,-1.4268570468367,0.5190531022186136,-1.4268570468367,-0.7337098662767545,2.9551695878371813
3,3.4762513988559043,8.918163404382566,0.1657083854618797,-1.44372952697222,-1.44372952697222,-1.44372952697222,-0.7505823464122745,-0.0574351658523291,-0.0574351658523291,0.8588555660218251,-0.0574351658523291,-0.3451172383041108,-1.44372952697222,1.600792910751203,7.799368409242135,6.207866046885381,9.077022583285626,5.333917066662897,1.6473129263860962,-0.7505823464122745,4.723786963916122,6.060111219726731,5.984009313560674,-1.44372952697222,-1.44372952697222,0.6357120147076163,-1.44372952697222,-1.44372952697222,-1.44372952697222,-1.44372952697222,-1.44372952697222,4.889550101167471,3.219709567139848,0.3480299422558346,7.382711514810359,-0.0574351658523291,4.077731390890026,6.6018587538313085,4.007308926593481,8.676239434004568,11.561699954154818,4.260052947683981,-1.44372952697222,7.360445491781405,10.429049823742757,7.801012271721295,3.06712997954463,1.600792910751203,6.435183385324912,2.5636036582602504,-0.0574351658523291,0.8588555660218251,-1.44372952697222,-1.44372952697222,-1.44372952697222,-1.44372952697222,0.7534950503640001,-0.7505823464122745,2.4682934784559265,3.161440659015872,-0.7505823464122745,-1.44372952697222,6.087286805105696,-0.3451172383041108,-1.44372952697222,-0.3451172383041108,-1.44372952697222,4.3214615758126245,-1.44372952697222,-0.7505823464122745,-1.44372952697222,-1.44372952697222,-1.44372952697222,0.6357120147076163,-1.44372952697222,-0.3451172383041108,1.195327802643039
4,2.572457662542096,8.367589915786525,0.4177926996246732,-0.0522109296210633,-1.661648842055163,-1.661648842055163,-1.661648842055163,-0.2753544809352721,0.4177926996246732,-0.0522109296210633,-0.5630365533870538,-0.9685016614952175,0.4177926996246732,1.4738453738739867,7.383227090193488,5.699091061003115,10.250166830323945,7.446658804355868,3.047881359257172,1.1109398801846186,6.99739107358931,7.186285911273302,7.554176460151589,-1.661648842055163,-0.9685016614952175,0.6409362509388821,-1.661648842055163,0.4177926996246732,-1.661648842055163,-0.2753544809352721,0.1301106271728915,2.838160828275102,2.3814024257793864,0.4177926996246732,6.755502995180848,-0.5630365533870538,3.9767058272785833,6.660745271056007,3.4682498728679096,8.381904954377806,10.605358965304198,5.440027129564281,-1.661648842055163,7.079007849486204,10.04335872357688,7.325172908276727,6.46072240135139,0.9033005154063732,5.846041235764741,4.243713005999407,0.1301106271728915,-0.0522109296210633,1.1109398801846186,1.1715645020010523,-0.2753544809352721,-1.661648842055163,3.174633064896314,-1.661648842055163,5.310019762670627,2.051923224649144,-1.661648842055163,-0.0522109296210633,7.314613413554031,-0.0522109296210633,-0.9685016614952175,-0.2753544809352721,-0.5630365533870538,1.804087060744564,-1.661648842055163,-0.9685016614952175,1.0464013590470476,-0.2753544809352721,-1.661648842055163,0.1301106271728915,-1.661648842055163,-0.5630365533870538,3.0388315237372527
5,2.496960304129109,8.183763281349359,0.2111823294514447,0.0288607726574898,-0.8874299592166661,-1.5805771397766115,-0.8874299592166661,-1.5805771397766115,0.7220079532174353,0.0288607726574898,-1.5805771397766115,-0.8874299592166661,-0.8874299592166661,1.2526362042796055,7.218330352311616,5.472143909455712,10.19376598792887,7.693019681834587,2.653529364820649,1.7152597262277176,7.145579539380003,7.352031490600959,7.448241355576181,-0.8874299592166661,-1.5805771397766115,0.9843722176849266,-1.5805771397766115,-1.5805771397766115,-0.8874299592166661,-0.1942827786567207,0.3653330092787019,2.4798658707698085,4.9903058225629735,0.3653330092787019,6.627369801272005,-0.8874299592166661,3.9368757566880968,6.459225203959873,3.3961566026439627,8.583311212429434,10.328765961415437,5.87645494934577,-1.5805771397766115,7.333376719117644,9.80605921524329,7.257539457871209,6.857789271093655,1.5104653135817043,5.215128635396903,3.449860781615824,0.4988644019032247,0.6166474375596085,0.2111823294514447,-0.4819648511085006,-0.4819648511085006,-1.5805771397766115,4.155995157702581,-1.5805771397766115,5.022010752412726,1.5549170761525382,-1.5805771397766115,-0.4819648511085006,6.330380243068977,-1.5805771397766115,-0.8874299592166661,-0.4819648511085006,-0.1942827786567207,1.945783384839551,-1.5805771397766115,-0.8874299592166661,0.6166474375596085,-1.5805771397766115,-1.5805771397766115,-0.1942827786567207,-1.5805771397766115,-1.5805771397766115,2.9520223533766448
6,3.323624204741097,7.6122473229152465,-0.2962623778858866,-0.7017274859940521,-1.3948746665539955,-1.3948746665539955,-0.7017274859940521,-1.3948746665539955,0.9077104264400492,1.4383386775022196,0.3968848026740588,-1.3948746665539955,-1.3948746665539955,1.6961677868043186,7.85410932901439,6.554922549607856,9.01165832242916,5.41195469383818,1.313175534548213,1.6961677868043186,5.321720106966981,5.696867448541156,6.158936185454235,-1.3948746665539955,-1.3948746665539955,-0.2962623778858866,-1.3948746665539955,-1.3948746665539955,-0.2962623778858866,-0.0085803054341067,0.9077104264400492,1.6961677868043186,4.376566456576019,0.9077104264400492,6.28159897983516,1.4383386775022196,3.9330015022355846,6.6481462187442855,3.190092812116575,8.497956305793602,10.852109569482591,5.138914171379347,-1.3948746665539955,6.725119161171109,9.883745182395833,7.390970671407216,6.650393050053807,1.1700746909075406,5.910985366130013,2.974573185913025,0.551035482501316,-0.7017274859940521,0.2145632458801039,-0.7017274859940521,-1.3948746665539955,-1.3948746665539955,2.6481766012805537,-1.3948746665539955,4.122578229910711,2.556369052027432,-1.3948746665539955,-1.3948746665539955,4.84929223410974,-1.3948746665539955,-1.3948746665539955,-1.3948746665539955,-1.3948746665539955,-0.0085803054341067,-1.3948746665539955,-1.3948746665539955,-0.2962623778858866,-0.7017274859940521,-1.3948746665539955,-0.0085803054341067,-1.3948746665539955,-1.3948746665539955,0.9077104264400492
7,3.1540175368442185,7.264009644501534,0.4131775129190185,0.2308559561250636,-1.3785819563090378,-1.3785819563090378,-0.2799696676409269,-1.3785819563090378,0.4131775129190185,0.4131775129190185,0.4131775129190185,-1.3785819563090378,-1.3785819563090378,1.3940067659307438,7.644464517246633,6.416241195870352,9.656452858473632,5.275570563874182,2.117925605157444,1.1863674011525005,5.292184364536837,5.959656193756552,6.4494560758167925,-1.3785819563090378,-1.3785819563090378,0.007712404810853,-1.3785819563090378,-1.3785819563090378,-0.2799696676409269,-1.3785819563090378,0.924003136685009,1.756912259620112,3.841773868769288,-0.2799696676409269,6.415829249417564,0.4131775129190185,3.392102668156628,6.582788245410474,2.8980841627070184,8.306314168260105,10.986223711206474,5.081322498068498,-1.3785819563090378,6.083058435899538,9.70680148903194,7.441969786943989,5.261293877517499,0.5673281927462757,6.129108121510867,2.7485524287360548,0.5673281927462757,0.007712404810853,-1.3785819563090378,-0.6854347757490924,-1.3785819563090378,-0.6854347757490924,2.334990110395271,-1.3785819563090378,4.102056967032954,2.826110663081929,-1.3785819563090378,-1.3785819563090378,5.433763137868442,-0.6854347757490924,-1.3785819563090378,-1.3785819563090378,-1.3785819563090378,0.4131775129190185,-1.3785819563090378,-0.6854347757490924,-1.3785819563090378,-1.3785819563090378,-1.3785819563090378,0.4131775129190185,-1.3785819563090378,-1.3785819563090378,1.1863674011525005
8,3.2674279091233966,8.844670367444404,-0.1337694725387592,-0.8269166530987029,-0.8269166530987029,-0.1337694725387592,-0.8269166530987029,-1.5200638336586485,0.0893740787754513,0.67716074367757,0.4258463153966634,-0.4214515449905391,-1.5200638336586485,2.4502280798934724,7.919720202180223,6.937803891672774,9.474910682603,6.209671497726402,2.21760578462472,1.5244586040647743,5.824009016914417,6.853028013783332,7.839127485049889,-0.4214515449905391,-1.5200638336586485,0.8778314391397224,-1.5200638336586485,-1.5200638336586485,-0.8269166530987029,-1.5200638336586485,0.0893740787754513,1.8811335480035056,3.573686367148113,-1.5200638336586485,6.299974155800104,-1.5200638336586485,3.2757267119380917,7.008069297795923,3.836522441013363,8.93748123103547,11.25734705118148,5.724877712678358,-1.5200638336586485,6.717679970232284,10.01399670384154,6.938440361408909,5.91241997425847,1.657989996689297,7.179617567330864,3.497216003156275,-0.1337694725387592,-0.8269166530987029,0.8778314391397224,-0.4214515449905391,-1.5200638336586485,-0.8269166530987029,2.9797458366716167,-1.5200638336586485,4.379833519923842,2.6070705513864425,-1.5200638336586485,-1.5200638336586485,5.956974638661047,-0.8269166530987029,-1.5200638336586485,-1.5200638336586485,-1.5200638336586485,1.475668439895342,-1.5200638336586485,-0.8269166530987029,-1.5200638336586485,-0.4214515449905391,-1.5200638336586485,-0.1337694725387592,-1.5200638336586485,-0.4214515449905391,-0.4214515449905391
9,2.932192109936608,8.344243923615027,-0.4465324158734898,-0.1588503434217081,-0.8519975239816535,0.0642932078925007,-1.545144704541599,-1.545144704541599,0.2466147646864556,-0.1588503434217081,-0.8519975239816535,-0.4465324158734898,-1.545144704541599,2.785588635744732,7.396793209714759,6.1135548537267,10.058571652710269,6.831866456274776,3.396497718067705,2.965714801975251,6.688092796163671,7.832572776842715,9.387587194845604,-1.545144704541599,-0.8519975239816535,1.1629054965606116,-1.545144704541599,0.6520798727946211,-1.545144704541599,0.0642932078925007,-0.4465324158734898,1.3992942746248411,2.5979900218499328,-0.4465324158734898,5.17868773627961,-1.545144704541599,2.5491998576805024,7.2270007347035,3.445287882237137,8.440751984235247,10.78405224221071,6.397217533132736,-1.545144704541599,6.214042733966196,9.844754000449193,7.0478977991580765,5.766073679878029,1.5458977488167172,7.782712000862423,3.94791673879895,-0.4465324158734898,-0.8519975239816535,2.7315214144744555,-0.8519975239816535,-1.545144704541599,-1.545144704541599,4.04956667506024,-1.545144704541599,5.417098759724608,2.4802069861935507,-1.545144704541599,-1.545144704541599,3.9642436320863785,-1.545144704541599,-1.545144704541599,-1.545144704541599,-1.545144704541599,2.010203356947814,-0.8519975239816535,-1.545144704541599,-0.8519975239816535,-1.545144704541599,-1.545144704541599,-0.8519975239816535,-1.545144704541599,0.2466147646864556,-1.545144704541599
10,2.781886510444389,6.711178892922282,-0.2466355859325926,-0.2466355859325926,-1.3452478746007015,-1.3452478746007015,-1.3452478746007015,-1.3452478746007015,0.4465115946273528,0.4465115946273528,0.041046486519189,0.4465115946273528,-1.3452478746007015,1.790246341328448,7.167736472041481,6.039983048465872,9.50253460621918,6.525681722154441,3.1873516185525546,0.2641900378333979,5.49743540763772,8.318522032000162,9.06116416980516,-1.3452478746007015,-1.3452478746007015,0.7341936670791345,-1.3452478746007015,0.041046486519189,-0.6521006940407563,0.041046486519189,-0.6521006940407563,0.6006622744546117,1.6504843989532887,-1.3452478746007015,5.069849084570894,-1.3452478746007015,2.210100186888712,7.205380092901773,2.343631579513234,7.224537766934707,9.802437498625611,5.922975146558864,-0.6521006940407563,6.000116965816167,9.35938888229665,6.989703756821752,3.8195380993228127,0.6006622744546117,5.480212161654605,1.6504843989532887,0.041046486519189,-1.3452478746007015,0.2641900378333979,-1.3452478746007015,-1.3452478746007015,-1.3452478746007015,3.0241999778663207,-1.3452478746007015,6.099585399291492,2.1204880281990253,-1.3452478746007015,-1.3452478746007015,0.9573372183933432,-1.3452478746007015,-1.3452478746007015,-1.3452478746007015,-1.3452478746007015,0.4465115946273528,-1.3452478746007015,-1.3452478746007015,-1.3452478746007015,-1.3452478746007015,-1.3452478746007015,-0.2466355859325926,-1.3452478746007015,-1.3452478746007015,8.6381593011113
11,3.1740476725792863,7.525865957818327,0.238419323095,-0.4547278574649454,-1.5533401461330545,-1.5533401461330545,-0.4547278574649454,-1.5533401461330545,0.8445551266653162,1.154710054969156,0.238419323095,3.558647642223489,-0.8601929655731091,2.589794580258477,7.509311952943524,6.443313729329553,9.651578082590794,6.800627984180217,2.912567972521529,1.7788643640421498,6.281052156777382,8.238880593974486,8.851922194648646,-1.5533401461330545,-1.5533401461330545,1.219248576106727,-1.5533401461330545,0.238419323095,-0.4547278574649454,-0.1670457850131637,0.238419323095,1.81395568385342,2.378485486591272,-0.4547278574649454,5.719058246436991,-1.5533401461330545,2.5737942389120363,7.461715002657315,2.9575193603837957,7.915433697935786,10.35340285659572,5.997321096972281,-1.5533401461330545,6.637568735049459,9.468055658086978,7.163359426831239,4.248778229244008,1.0857171834822044,5.834987713444052,3.793767384584414,1.2798731979231608,-0.4547278574649454,1.442392127420936,-1.5533401461330545,-0.8601929655731091,-1.5533401461330545,2.472011544602095,-1.5533401461330545,6.27509621302453,2.253322343637265,-1.5533401461330545,-1.5533401461330545,1.3910988330333858,-0.8601929655731091,-1.5533401461330545,-1.5533401461330545,-1.5533401461330545,0.0560977663010451,-1.5533401461330545,-1.5533401461330545,-0.8601929655731091,-0.8601929655731091,-1.5533401461330545,-1.5533401461330545,-1.5533401461330545,-0.8601929655731091,8.72191783798714
12,3.4649156327151625,8.036340994557083,-0.0315919287513182,-1.417886289871209,-1.417886289871209,-0.3192740012030981,-0.7247391093112636,-1.417886289871209,0.779338287465011,1.067020359916793,0.1915516225628923,4.180535669127166,-1.417886289871209,2.533357428710218,7.451230576058275,6.457232991169084,8.46580663533674,4.757980980234553,1.147063067590329,2.016100914613938,4.915393338268482,6.37280974130353,7.393169833071891,-1.417886289871209,-1.417886289871209,0.3738731793568473,-1.417886289871209,0.5280238591841044,-0.3192740012030981,-0.7247391093112636,0.6615552518086272,1.87795057613312,2.976562864801231,-1.417886289871209,6.399336495636958,-1.417886289871209,2.2196998698551766,6.9028052811772405,2.7565009800244287,7.849590273475783,10.478572190207444,5.502785214377475,-1.417886289871209,6.343858694787705,9.232218117578483,6.5076326899157175,4.234602890397442,1.2211710397440498,6.197412049954607,3.3357039012351564,1.147063067590329,-0.7247391093112636,2.589446895361263,-1.417886289871209,-1.417886289871209,-1.417886289871209,1.87795057613312,-1.417886289871209,5.237554060496439,1.8402102481502745,-1.417886289871209,-1.417886289871209,1.8402102481502745,-1.417886289871209,-1.417886289871209,-1.417886289871209,-1.417886289871209,0.5280238591841044,-1.417886289871209,-0.7247391093112636,-0.7247391093112636,-1.417886289871209,-1.417886289871209,-0.7247391093112636,-1.417886289871209,-0.3192740012030981,6.665442318915167
13,3.653313835008285,8.063269580435612,0.200156714415419,0.200156714415419,-1.4092811980186806,-0.3106689093505714,0.200156714415419,-1.4092811980186806,0.5366289510366311,1.1556681594428555,0.6701603436611538,-0.3106689093505714,-1.4092811980186806,2.087226363447799,8.023002004695192,6.911410373029767,8.187613257173904,4.221930583802684,0.3824782712093739,1.2297761315965765,4.501515446021846,5.410735166655449,5.092008472521708,-0.7161340174587352,-1.4092811980186806,-0.3106689093505714,-1.4092811980186806,-0.7161340174587352,-1.4092811980186806,-1.4092811980186806,-0.3106689093505714,1.5351577811477597,2.853398679022634,0.8933038949753644,6.853277774991976,-1.4092811980186806,3.3092176732764127,6.831631343670217,3.574325423689656,8.616291235067685,11.568902292248415,4.06718235391283,-1.4092811980186806,7.093610208686696,9.422326838145178,6.789633246968307,4.304451607490687,0.9886140747796884,5.567066872429067,3.123318295134574,0.5366289510366311,0.5366289510366311,-0.7161340174587352,-1.4092811980186806,-0.7161340174587352,-0.7161340174587352,0.3824782712093739,-1.4092811980186806,1.481090559877483,3.510699727809444,-0.3106689093505714,-1.4092811980186806,6.769357590572018,0.7879433793175377,-1.4092811980186806,0.3824782712093739,-1.4092811980186806,1.4239321460375347,-1.4092811980186806,-0.3106689093505714,-1.4092811980186806,-1.4092811980186806,-1.4092811980186806,-0.7161340174587352,-1.4092811980186806,-1.4092811980186806,2.867384920997374
14,2.9856393658668257,7.593986318765246,0.4054225362745001,-0.5108681955996541,-1.2040153761595995,-1.2040153761595995,-1.2040153761595995,-0.5108681955996541,-0.1054030874914904,0.587744093068455,0.1822789849602912,-0.5108681955996541,-1.2040153761595995,1.1938798966387711,7.301510010388956,6.40087910465202,7.194844628294773,3.972134356414229,-0.1054030874914904,1.0985697168344457,3.931783060890663,5.34133428417482,4.980133514777884,-1.2040153761595995,-1.2040153761595995,-1.2040153761595995,-1.2040153761595995,-1.2040153761595995,-0.1054030874914904,-1.2040153761595995,0.4054225362745001,1.504034824942611,3.072650742856455,0.587744093068455,5.835644973702476,-1.2040153761595995,3.3068441303572502,6.191706232442446,3.440375522981773,8.077249334153281,10.999965082272686,4.509717429349769,-1.2040153761595995,6.79800944205651,9.420088598926018,6.465479874848095,4.305372960468378,-0.1054030874914904,5.289738463692086,2.784968670404675,0.4054225362745001,-0.5108681955996541,-0.5108681955996541,-1.2040153761595995,-1.2040153761595995,-1.2040153761595995,0.4054225362745001,-0.5108681955996541,1.93147883976955,2.954867707200073,-0.5108681955996541,-1.2040153761595995,5.4187209477902405,-1.2040153761595995,-1.2040153761595995,-1.2040153761595995,-1.2040153761595995,0.7418947728957139,-1.2040153761595995,-1.2040153761595995,-1.2040153761595995,-1.2040153761595995,-1.2040153761595995,-0.5108681955996541,-1.2040153761595995,-1.2040153761595995,3.3392794061104034
15,3.043849599493381,7.152477630469132,0.5694142495726773,-0.8168801115472135,-1.510027292107159,-0.8168801115472135,-1.510027292107159,-1.510027292107159,0.0994106203269407,-0.1237329309872681,0.0994106203269407,-1.510027292107159,-0.4114150034390498,2.8719993425667223,7.581416924925167,6.537802065350682,7.783182557691318,5.887534243416893,0.8878679806912118,0.974879357680841,4.768494132058685,5.493038166679303,6.731675867622659,-1.510027292107159,-1.510027292107159,0.5694142495726773,-1.510027292107159,-1.510027292107159,-1.510027292107159,-0.4114150034390498,0.4358828569481545,1.891170089554997,3.5006080019890966,1.1290300375081,6.305583239928032,-0.8168801115472135,3.625771144943103,6.72956616219881,4.035150152372403,8.351283181529784,11.076910344662949,5.059454128307137,-1.510027292107159,6.982668267708678,10.48724223482282,7.218398799597453,5.882004275407432,1.4344116870592811,4.70857282758457,3.571377072877304,1.857268537879316,1.9239599123779865,2.955880826547425,-1.510027292107159,-1.510027292107159,-1.510027292107159,3.9105077071651264,-1.510027292107159,4.567614951241875,2.600846572066152,-0.8168801115472135,-1.510027292107159,4.938862102039698,-1.510027292107159,-1.510027292107159,-1.510027292107159,-1.510027292107159,0.974879357680841,-1.510027292107159,-0.8168801115472135,0.2817321771208956,-0.4114150034390498,-1.510027292107159,0.6871972852290611,-1.510027292107159,1.3803444657890065,3.958032849027972
16,3.02200284223105,6.68243809010178,-0.1134913736980998,0.068830183095855,0.068830183095855,-1.7229292861322012,-1.7229292861322012,-1.7229292861322012,1.7735782753342804,-0.3366349250123104,-1.0297821055722558,-1.7229292861322012,0.7619773636557987,3.647708741995462,6.682661728702734,5.668485948543157,10.093959981614086,8.168941047063736,2.3546081577735194,2.0837332036381184,8.151386889103648,7.724299738949863,8.320407161520325,-0.3366349250123104,0.2229808629231122,0.6749659866661695,-1.7229292861322012,0.356512255547635,-0.6243169974640903,0.4742952912040188,0.068830183095855,1.1674424717639642,5.413553922458047,2.862038192538371,5.473757284702149,-1.7229292861322012,2.9214616130091717,6.604796880329211,2.9020435271520704,8.493798430469575,10.378116121530269,5.937185033041728,-1.0297821055722558,6.028115831839601,10.07475397977256,6.360399322654175,5.716042306263661,1.221509693034239,4.483646640592727,4.606791619390496,0.7619773636557987,0.068830183095855,3.675233415385552,-1.7229292861322012,0.2229808629231122,-1.0297821055722558,4.0039184614549965,-0.6243169974640903,5.706591556654262,2.496578419043906,-1.7229292861322012,0.2229808629231122,3.901088220055137,-1.7229292861322012,-1.7229292861322012,-1.7229292861322012,0.068830183095855,2.3714152760899,-1.7229292861322012,-1.0297821055722558,1.4959465387359998,0.5796558068618456,-1.7229292861322012,0.068830183095855,-1.7229292861322012,2.9310310640253228,2.862038192538371
17,3.0945995978993235,7.207542071670833,0.7379472836350018,-0.3606650050331073,-1.4592772937012182,-1.4592772937012182,-1.4592772937012182,-1.4592772937012182,-0.3606650050331073,0.1501606187328832,-0.7661301131412728,-0.7661301131412728,-1.4592772937012182,1.0256293560867835,7.51622642836971,6.165829854537683,9.661642082845002,7.268662928692678,1.836559572303111,2.1783088660251693,6.33883533512857,6.904298409049421,7.598028442105903,-1.4592772937012182,-1.4592772937012182,0.4866328553540953,-1.4592772937012182,-1.4592772937012182,-0.7661301131412728,0.1501606187328832,-1.4592772937012182,1.974709910783929,4.627497433211089,2.651596570472094,5.527289165705209,-1.4592772937012182,3.285654834662033,6.658035167900756,3.2041618004108496,8.25649417772365,10.673859000751444,5.931521228034459,-1.4592772937012182,5.989638808842983,10.499647232417466,6.887601960045343,5.917230832625003,1.3133114285385634,4.735128097403455,3.688217183112236,1.10567206376032,1.2487729074009923,-0.0729829325813273,-0.7661301131412728,-1.4592772937012182,-0.7661301131412728,4.244505180954984,-0.7661301131412728,5.202577446844094,2.884528128152466,-1.4592772937012182,-1.4592772937012182,3.467976391455988,-1.4592772937012182,-1.4592772937012182,-1.4592772937012182,-1.4592772937012182,0.8433077992928286,-0.3606650050331073,-0.7661301131412728,-1.4592772937012182,-1.4592772937012182,-1.4592772937012182,0.7379472836350018,-1.4592772937012182,-1.4592772937012182,2.601165716845202
18,2.22092311679838,7.385554638640344,0.2194431165882555,-1.3899947958458458,-1.3899947958458458,-1.3899947958458458,-1.3899947958458458,-1.3899947958458458,0.2194431165882555,-0.2913825071777349,-0.2913825071777349,-1.3899947958458458,-0.6968476152859004,1.5003769620503196,7.255591610338791,5.9009799822971365,10.052476015468564,7.022948374196593,2.460152805864213,0.6894467458339903,7.004804747356325,7.324736918169207,6.763930336162016,-0.6968476152859004,-1.3899947958458458,-1.3899947958458458,-1.3899947958458458,-1.3899947958458458,-0.6968476152859004,-0.6968476152859004,-0.2913825071777349,4.986732152052782,3.989902557694614,1.0079004769525248,6.349799662562855,-1.3899947958458458,3.310485569946572,6.434051215010447,3.153299986424159,7.781084862177035,10.554667629971377,5.308273258269567,-1.3899947958458458,6.395310386694017,9.68439469870533,7.185844591003126,4.721472543656833,1.5544441833205944,4.49610923560431,2.460152805864213,0.2194431165882555,0.912590297148201,0.912590297148201,0.2194431165882555,-1.3899947958458458,-1.3899947958458458,2.992031838828036,-1.3899947958458458,5.000245871219504,2.193524142610265,-1.3899947958458458,-1.3899947958458458,6.2729430546156895,-1.3899947958458458,-1.3899947958458458,-1.3899947958458458,-1.3899947958458458,0.2194431165882555,-1.3899947958458458,-1.3899947958458458,-1.3899947958458458,-1.3899947958458458,-1.3899947958458458,0.2194431165882555,-1.3899947958458458,-1.3899947958458458,0.912590297148201
19,2.720281517858416,6.696452343110314,0.7949906560058384,-0.4577723124895296,-1.150919493049475,-1.150919493049475,-1.150919493049475,-1.150919493049475,0.2353748680704157,-0.4577723124895296,0.2353748680704157,1.7394522648466904,-1.150919493049475,0.9285220486303613,7.0602918687435485,5.574114149117368,8.596440426775175,5.562036707627596,0.7949906560058384,-1.150919493049475,5.099055749210009,5.272327470484045,5.614119483731067,-1.150919493049475,-1.150919493049475,-0.4577723124895296,-1.150919493049475,-1.150919493049475,-1.150919493049475,-0.4577723124895296,1.2469757797488956,1.940122960308841,3.153145600154695,0.9285220486303613,6.332887194616361,-1.150919493049475,2.45999841959475,6.039756541282733,2.8380645535147995,7.926118031612289,10.353449469237631,3.811925137210433,-1.150919493049475,6.527406863457411,9.112303315888644,7.542241781188542,2.6992281086605843,-1.150919493049475,4.82543141624846,3.8258142493711,-1.150919493049475,-0.4577723124895296,-0.4577723124895296,-1.150919493049475,-1.150919493049475,-1.150919493049475,0.6408399761785812,-1.150919493049475,1.3339871567385266,1.5571307080527357,-1.150919493049475,-1.150919493049475,5.576512231801381,-1.150919493049475,-1.150919493049475,-1.150919493049475,-1.150919493049475,3.76906143277865,-1.150919493049475,-0.4577723124895296,-1.150919493049475,-1.150919493049475,-1.150919493049475,-0.0523072043813641,-1.150919493049475,-1.150919493049475,-0.0523072043813641
20,0.0,0.0,0.0,0.0,0.0,0.0,0.0,0.0,0.0,0.0,0.0,0.0,0.0,0.0,0.0,0.0,0.0,0.0,0.0,0.0,0.0,0.0,0.0,0.0,0.0,0.0,0.0,0.0,0.0,0.0,0.0,0.0,0.0,0.0,0.0,0.0,0.0,0.0,0.0,0.0,0.0,0.0,0.0,0.0,0.0,0.0,0.0,0.0,0.0,0.0,0.0,0.0,0.0,0.0,0.0,0.0,0.0,0.0,0.0,0.0,0.0,0.0,0.0,0.0,0.0,0.0,0.0,0.0,0.0,0.0,0.0,0.0,0.0,0.0,0.0,0.0,0.0
21,0.0,0.0,0.0,0.0,0.0,0.0,0.0,0.0,0.0,0.0,0.0,0.0,0.0,0.0,0.0,0.0,0.0,0.0,0.0,0.0,0.0,0.0,0.0,0.0,0.0,0.0,0.0,0.0,0.0,0.0,0.0,0.0,0.0,0.0,0.0,0.0,0.0,0.0,0.0,0.0,0.0,0.0,0.0,0.0,0.0,0.0,0.0,0.0,0.0,0.0,0.0,0.0,0.0,0.0,0.0,0.0,0.0,0.0,0.0,0.0,0.0,0.0,0.0,0.0,0.0,0.0,0.0,0.0,0.0,0.0,0.0,0.0,0.0,0.0,0.0,0.0,0.0
22,0.0,0.0,0.0,0.0,0.0,0.0,0.0,0.0,0.0,0.0,0.0,0.0,0.0,0.0,0.0,0.0,0.0,0.0,0.0,0.0,0.0,0.0,0.0,0.0,0.0,0.0,0.0,0.0,0.0,0.0,0.0,0.0,0.0,0.0,0.0,0.0,0.0,0.0,0.0,0.0,0.0,0.0,0.0,0.0,0.0,0.0,0.0,0.0,0.0,0.0,0.0,0.0,0.0,0.0,0.0,0.0,0.0,0.0,0.0,0.0,0.0,0.0,0.0,0.0,0.0,0.0,0.0,0.0,0.0,0.0,0.0,0.0,0.0,0.0,0.0,0.0,0.0
23,0.0,0.0,0.0,0.0,0.0,0.0,0.0,0.0,0.0,0.0,0.0,0.0,0.0,0.0,0.0,0.0,0.0,0.0,0.0,0.0,0.0,0.0,0.0,0.0,0.0,0.0,0.0,0.0,0.0,0.0,0.0,0.0,0.0,0.0,0.0,0.0,0.0,0.0,0.0,0.0,0.0,0.0,0.0,0.0,0.0,0.0,0.0,0.0,0.0,0.0,0.0,0.0,0.0,0.0,0.0,0.0,0.0,0.0,0.0,0.0,0.0,0.0,0.0,0.0,0.0,0.0,0.0,0.0,0.0,0.0,0.0,0.0,0.0,0.0,0.0,0.0,0.0
24,0.0,0.0,0.0,0.0,0.0,0.0,0.0,0.0,0.0,0.0,0.0,0.0,0.0,0.0,0.0,0.0,0.0,0.0,0.0,0.0,0.0,0.0,0.0,0.0,0.0,0.0,0.0,0.0,0.0,0.0,0.0,0.0,0.0,0.0,0.0,0.0,0.0,0.0,0.0,0.0,0.0,0.0,0.0,0.0,0.0,0.0,0.0,0.0,0.0,0.0,0.0,0.0,0.0,0.0,0.0,0.0,0.0,0.0,0.0,0.0,0.0,0.0,0.0,0.0,0.0,0.0,0.0,0.0,0.0,0.0,0.0,0.0,0.0,0.0,0.0,0.0,0.0
25,0.0,0.0,0.0,0.0,0.0,0.0,0.0,0.0,0.0,0.0,0.0,0.0,0.0,0.0,0.0,0.0,0.0,0.0,0.0,0.0,0.0,0.0,0.0,0.0,0.0,0.0,0.0,0.0,0.0,0.0,0.0,0.0,0.0,0.0,0.0,0.0,0.0,0.0,0.0,0.0,0.0,0.0,0.0,0.0,0.0,0.0,0.0,0.0,0.0,0.0,0.0,0.0,0.0,0.0,0.0,0.0,0.0,0.0,0.0,0.0,0.0,0.0,0.0,0.0,0.0,0.0,0.0,0.0,0.0,0.0,0.0,0.0,0.0,0.0,0.0,0.0,0.0
26,0.0,0.0,0.0,0.0,0.0,0.0,0.0,0.0,0.0,0.0,0.0,0.0,0.0,0.0,0.0,0.0,0.0,0.0,0.0,0.0,0.0,0.0,0.0,0.0,0.0,0.0,0.0,0.0,0.0,0.0,0.0,0.0,0.0,0.0,0.0,0.0,0.0,0.0,0.0,0.0,0.0,0.0,0.0,0.0,0.0,0.0,0.0,0.0,0.0,0.0,0.0,0.0,0.0,0.0,0.0,0.0,0.0,0.0,0.0,0.0,0.0,0.0,0.0,0.0,0.0,0.0,0.0,0.0,0.0,0.0,0.0,0.0,0.0,0.0,0.0,0.0,0.0
27,0.0,0.0,0.0,0.0,0.0,0.0,0.0,0.0,0.0,0.0,0.0,0.0,0.0,0.0,0.0,0.0,0.0,0.0,0.0,0.0,0.0,0.0,0.0,0.0,0.0,0.0,0.0,0.0,0.0,0.0,0.0,0.0,0.0,0.0,0.0,0.0,0.0,0.0,0.0,0.0,0.0,0.0,0.0,0.0,0.0,0.0,0.0,0.0,0.0,0.0,0.0,0.0,0.0,0.0,0.0,0.0,0.0,0.0,0.0,0.0,0.0,0.0,0.0,0.0,0.0,0.0,0.0,0.0,0.0,0.0,0.0,0.0,0.0,0.0,0.0,0.0,0.0
28,0.0,0.0,0.0,0.0,0.0,0.0,0.0,0.0,0.0,0.0,0.0,0.0,0.0,0.0,0.0,0.0,0.0,0.0,0.0,0.0,0.0,0.0,0.0,0.0,0.0,0.0,0.0,0.0,0.0,0.0,0.0,0.0,0.0,0.0,0.0,0.0,0.0,0.0,0.0,0.0,0.0,0.0,0.0,0.0,0.0,0.0,0.0,0.0,0.0,0.0,0.0,0.0,0.0,0.0,0.0,0.0,0.0,0.0,0.0,0.0,0.0,0.0,0.0,0.0,0.0,0.0,0.0,0.0,0.0,0.0,0.0,0.0,0.0,0.0,0.0,0.0,0.0
29,0.0,0.0,0.0,0.0,0.0,0.0,0.0,0.0,0.0,0.0,0.0,0.0,0.0,0.0,0.0,0.0,0.0,0.0,0.0,0.0,0.0,0.0,0.0,0.0,0.0,0.0,0.0,0.0,0.0,0.0,0.0,0.0,0.0,0.0,0.0,0.0,0.0,0.0,0.0,0.0,0.0,0.0,0.0,0.0,0.0,0.0,0.0,0.0,0.0,0.0,0.0,0.0,0.0,0.0,0.0,0.0,0.0,0.0,0.0,0.0,0.0,0.0,0.0,0.0,0.0,0.0,0.0,0.0,0.0,0.0,0.0,0.0,0.0,0.0,0.0,0.0,0.0
30,0.0,0.0,0.0,0.0,0.0,0.0,0.0,0.0,0.0,0.0,0.0,0.0,0.0,0.0,0.0,0.0,0.0,0.0,0.0,0.0,0.0,0.0,0.0,0.0,0.0,0.0,0.0,0.0,0.0,0.0,0.0,0.0,0.0,0.0,0.0,0.0,0.0,0.0,0.0,0.0,0.0,0.0,0.0,0.0,0.0,0.0,0.0,0.0,0.0,0.0,0.0,0.0,0.0,0.0,0.0,0.0,0.0,0.0,0.0,0.0,0.0,0.0,0.0,0.0,0.0,0.0,0.0,0.0,0.0,0.0,0.0,0.0,0.0,0.0,0.0,0.0,0.0
31,0.0,0.0,0.0,0.0,0.0,0.0,0.0,0.0,0.0,0.0,0.0,0.0,0.0,0.0,0.0,0.0,0.0,0.0,0.0,0.0,0.0,0.0,0.0,0.0,0.0,0.0,0.0,0.0,0.0,0.0,0.0,0.0,0.0,0.0,0.0,0.0,0.0,0.0,0.0,0.0,0.0,0.0,0.0,0.0,0.0,0.0,0.0,0.0,0.0,0.0,0.0,0.0,0.0,0.0,0.0,0.0,0.0,0.0,0.0,0.0,0.0,0.0,0.0,0.0,0.0,0.0,0.0,0.0,0.0,0.0,0.0,0.0,0.0,0.0,0.0,0.0,0.0
32,0.0,0.0,0.0,0.0,0.0,0.0,0.0,0.0,0.0,0.0,0.0,0.0,0.0,0.0,0.0,0.0,0.0,0.0,0.0,0.0,0.0,0.0,0.0,0.0,0.0,0.0,0.0,0.0,0.0,0.0,0.0,0.0,0.0,0.0,0.0,0.0,0.0,0.0,0.0,0.0,0.0,0.0,0.0,0.0,0.0,0.0,0.0,0.0,0.0,0.0,0.0,0.0,0.0,0.0,0.0,0.0,0.0,0.0,0.0,0.0,0.0,0.0,0.0,0.0,0.0,0.0,0.0,0.0,0.0,0.0,0.0,0.0,0.0,0.0,0.0,0.0,0.0
33,0.0,0.0,0.0,0.0,0.0,0.0,0.0,0.0,0.0,0.0,0.0,0.0,0.0,0.0,0.0,0.0,0.0,0.0,0.0,0.0,0.0,0.0,0.0,0.0,0.0,0.0,0.0,0.0,0.0,0.0,0.0,0.0,0.0,0.0,0.0,0.0,0.0,0.0,0.0,0.0,0.0,0.0,0.0,0.0,0.0,0.0,0.0,0.0,0.0,0.0,0.0,0.0,0.0,0.0,0.0,0.0,0.0,0.0,0.0,0.0,0.0,0.0,0.0,0.0,0.0,0.0,0.0,0.0,0.0,0.0,0.0,0.0,0.0,0.0,0.0,0.0,0.0
34,0.0,0.0,0.0,0.0,0.0,0.0,0.0,0.0,0.0,0.0,0.0,0.0,0.0,0.0,0.0,0.0,0.0,0.0,0.0,0.0,0.0,0.0,0.0,0.0,0.0,0.0,0.0,0.0,0.0,0.0,0.0,0.0,0.0,0.0,0.0,0.0,0.0,0.0,0.0,0.0,0.0,0.0,0.0,0.0,0.0,0.0,0.0,0.0,0.0,0.0,0.0,0.0,0.0,0.0,0.0,0.0,0.0,0.0,0.0,0.0,0.0,0.0,0.0,0.0,0.0,0.0,0.0,0.0,0.0,0.0,0.0,0.0,0.0,0.0,0.0,0.0,0.0
35,0.0,0.0,0.0,0.0,0.0,0.0,0.0,0.0,0.0,0.0,0.0,0.0,0.0,0.0,0.0,0.0,0.0,0.0,0.0,0.0,0.0,0.0,0.0,0.0,0.0,0.0,0.0,0.0,0.0,0.0,0.0,0.0,0.0,0.0,0.0,0.0,0.0,0.0,0.0,0.0,0.0,0.0,0.0,0.0,0.0,0.0,0.0,0.0,0.0,0.0,0.0,0.0,0.0,0.0,0.0,0.0,0.0,0.0,0.0,0.0,0.0,0.0,0.0,0.0,0.0,0.0,0.0,0.0,0.0,0.0,0.0,0.0,0.0,0.0,0.0,0.0,0.0
36,0.0,0.0,0.0,0.0,0.0,0.0,0.0,0.0,0.0,0.0,0.0,0.0,0.0,0.0,0.0,0.0,0.0,0.0,0.0,0.0,0.0,0.0,0.0,0.0,0.0,0.0,0.0,0.0,0.0,0.0,0.0,0.0,0.0,0.0,0.0,0.0,0.0,0.0,0.0,0.0,0.0,0.0,0.0,0.0,0.0,0.0,0.0,0.0,0.0,0.0,0.0,0.0,0.0,0.0,0.0,0.0,0.0,0.0,0.0,0.0,0.0,0.0,0.0,0.0,0.0,0.0,0.0,0.0,0.0,0.0,0.0,0.0,0.0,0.0,0.0,0.0,0.0
37,0.0,0.0,0.0,0.0,0.0,0.0,0.0,0.0,0.0,0.0,0.0,0.0,0.0,0.0,0.0,0.0,0.0,0.0,0.0,0.0,0.0,0.0,0.0,0.0,0.0,0.0,0.0,0.0,0.0,0.0,0.0,0.0,0.0,0.0,0.0,0.0,0.0,0.0,0.0,0.0,0.0,0.0,0.0,0.0,0.0,0.0,0.0,0.0,0.0,0.0,0.0,0.0,0.0,0.0,0.0,0.0,0.0,0.0,0.0,0.0,0.0,0.0,0.0,0.0,0.0,0.0,0.0,0.0,0.0,0.0,0.0,0.0,0.0,0.0,0.0,0.0,0.0
38,0.0,0.0,0.0,0.0,0.0,0.0,0.0,0.0,0.0,0.0,0.0,0.0,0.0,0.0,0.0,0.0,0.0,0.0,0.0,0.0,0.0,0.0,0.0,0.0,0.0,0.0,0.0,0.0,0.0,0.0,0.0,0.0,0.0,0.0,0.0,0.0,0.0,0.0,0.0,0.0,0.0,0.0,0.0,0.0,0.0,0.0,0.0,0.0,0.0,0.0,0.0,0.0,0.0,0.0,0.0,0.0,0.0,0.0,0.0,0.0,0.0,0.0,0.0,0.0,0.0,0.0,0.0,0.0,0.0,0.0,0.0,0.0,0.0,0.0,0.0,0.0,0.0
39,0.0,0.0,0.0,0.0,0.0,0.0,0.0,0.0,0.0,0.0,0.0,0.0,0.0,0.0,0.0,0.0,0.0,0.0,0.0,0.0,0.0,0.0,0.0,0.0,0.0,0.0,0.0,0.0,0.0,0.0,0.0,0.0,0.0,0.0,0.0,0.0,0.0,0.0,0.0,0.0,0.0,0.0,0.0,0.0,0.0,0.0,0.0,0.0,0.0,0.0,0.0,0.0,0.0,0.0,0.0,0.0,0.0,0.0,0.0,0.0,0.0,0.0,0.0,0.0,0.0,0.0,0.0,0.0,0.0,0.0,0.0,0.0,0.0,0.0,0.0,0.0,0.0
